VEÍCULO;DATA;MOTORISTA IDENTIFICADO?;MATRÍCULA MOTORISTA;CULPADO?;LANÇADO NO GLOBUS?;MÊS DE LANÇAMENTO;GERENTE;DESCRIÇÃO DE AVARIA;TIPO DE AVARIA;CAUSA DE AVARIA;AÇÃO TOMADA;HORÁRIO;VALOR DA AVARIA;VALOR COBRADO
6045;31/12/2022;SIM;24723;SIM;SIM;JANEIRO;ROMULO;FRONTAL;;;;X;97,5;97,5
6261;30/12/2022;SIM;23714;SIM;SIM;JANEIRO;ROMULO;FRONTAL;;;;X;880;880
6136;28/12/2022;SIM;FREE;NÃO;NÃO;X;ROMULO;TRASEIRO;;;;X;152,5;0
6147;26/12/2022;SIM;25911;SIM;SIM;DEZEMBRO;MARCIO;OUTRO;;;;X;500;500
6194;24/12/2022;SIM;25893;SIM;SIM;JANEIRO;RINALDO;FRONTAL;;;;X;115;115
6039;23/12/2022;SIM;26058;SIM;SIM;JANEIRO;VASSIL;LATERAL;;;;19:00;240;240
6168;23/12/2022;X;X;X;NÃO;X;X;FRONTAL;;;;X;115;0
6144;23/12/2022;SIM;26008;SIM;SIM;JANEIRO;ROMULO;FRONTAL/LATERAL;;;;X;190;190
6189;22/12/2022;SIM;25925;SIM;SIM;JANEIRO;LUIZ;LATERAL;;;;18:00;1354;1354
6016;21/12/2022;SIM;24863;NÃO;NÃO;X;MARCIO;LATERAL;;;;X;792,5;0
6065;20/12/2022;X;X;X;NÃO;X;X;FRONTAL;;;;X;255;0
6069;19/12/2022;SIM;FREE - 129;NÃO;NÃO;X;VASSIL;FRONTAL;;;;03:37;3240,58;0
6049;19/12/2022;SIM;25872;SIM;SIM;DEZEMBRO;VASSIL;FRONTAL;;;;06:00;197,5;197,5
6048;16/12/2022;X;X;X;NÃO;X;X;PNEU;;;;X;906;
6129;16/12/2022;X;X;X;NÃO;X;X;PNEU;;;;X;906;
6026;14/12/2022;X;X;X;NÃO;X;X;PNEU;;;;X;906;
6076;13/12/2022;SIM;26024;NÃO;NÃO;X;MARCIO;LATERAL;;;;14:40;540;0
6015;13/12/2022;SIM;24723;SIM;SIM;DEZEMBRO;ROMULO;TRASEIRO;;;;X;900,61;900,61
6168;13/12/2022;SIM;25962;SIM;SIM;DEZEMBRO;ROMULO;FRONTAL/LATERAL;;;;04:45;7978,02;7000
6157;11/12/2022;X;X;X;NÃO;X;X;PNEU;;;;X;906;
6147;08/12/2022;SIM;25346;SIM;NÃO;DEZEMBRO;SEVERINO;LATERAL;;;;12:05;688;688
6095;08/12/2022;SIM;26094;NÃO;NÃO;X;ROMULO;LATERAL;;;;19:29;648;0
6079;05/12/2022;SIM;26059;SIM;SIM;DEZEMBRO;VASSIL;FRONTAL;;;;20:30;100;100
6023;05/12/2022;SIM;25689;SIM;SIM;DEZEMBRO;ROMULO;FRONTAL;;;;X;115;115
6135;02/12/2022;SIM;25696;SIM;SIM;DEZEMBRO;MARCIO;TRASEIRO;;;;X;115;115
6124;28/11/2022;X;X;X;NÃO;X;X;FRONTAL/LATERAL;;;;X;352,54;0
6094;28/11/2022;SIM;25999;SIM;SIM;DEZEMBRO;MARCIO;FRONTAL/LATERAL;;;;20:15;5247;5247
6065;27/11/2022;SIM;21982;SIM;SIM;DEZEMBRO;ROMULO;LATERAL;;;;X;145;145
6019;25/11/2022;X;X;X;NÃO;X;X;PNEU;;;;X;2705;0
6117;25/11/2022;SIM;25928;SIM;SIM;DEZEMBRO;MARCIO;FRONTAL;;;;X;147,5;147,5
6189;20/11/2022;SIM;25716;SIM;SIM;DEZEMBRO;LUIZ;FRONTAL;;;;18:00;110;110
6189;16/11/2022;SIM;26067;SIM;SIM;NOVEMBRO;VASSIL;TRASEIRO;;;;06:00;180;180
6069;15/11/2022;SIM;26058;SIM;SIM;NOVEMBRO;VASSIL;TRASEIRO;;;;06:00;145;145
6029;14/11/2022;SIM;26067;SIM;SIM;NOVEMBRO;VASSIL;FRONTAL;;;;01:30;180;180
6017;14/11/2022;SIM;25578;NÃO;NÃO;X;LUIZ;FRONTAL;;;;03:40;2589,98;2589,98
6062;14/11/2022;X;X;X;NÃO;X;X;TRASEIRO;;;;X;980,6;0
6229;14/11/2022;X;X;X;NÃO;X;X;PNEU;;;;X;906;
6029;11/11/2022;X;X;X;NÃO;X;X;PNEU;;;;X;906;
6228;10/11/2022;X;X;X;NÃO;X;X;PNEU;;;;X;906;
6146;09/11/2022;SIM;25997;SIM;SIM;NOVEMBRO;ROMULO;FRONTAL;;;;X;3420;3420
6126;08/11/2022;SIM;26017;SIM;SIM;NOVEMBRO;ROMULO;FRONTAL/LATERAL;;;;X;4558;4558
6138;07/11/2022;X;X;X;NÃO;X;X;PNEU;;;;X;906;
6168;06/11/2022;X;X;X;NÃO;X;X;PNEU;;;;X;906;
6125;01/11/2022;SIM;25955;SIM;SIM;DEZEMBRO;ROMULO;FRONTAL;;;;X;1818,74;1818,74
6146;30/10/2022;SIM;25929;SIM;SIM;NOVEMBRO;RINALDO;TRASEIRO;;;;X;2740;2740
6189;26/10/2022;X;X;X;NÃO;X;X;TRASEIRO;;;;X;115;0
6019;26/10/2022;SIM;25096;SIM;SIM;NOVEMBRO;VASSIL;FRONTAL;;;;X;125;125
6075;25/10/2022;SIM;25955;SIM;SIM;NOVEMBRO;ROMULO;LATERAL;;;;X;110;110
6154;24/10/2022;SIM;FREE - 101;NÃO;NÃO;X;ROMULO;FRONTAL/LATERAL;;;;X;3084,98;0
6099;21/10/2022;X;X;X;NÃO;X;X;PNEU;;;;X;906;
6136;20/10/2022;X;X;X;NÃO;X;X;PNEU;;;;X;906;
6156;20/10/2022;SIM;25504;SIM;SIM;OUTUBRO;LUIZ;LATERAL;;;;X;300;300
6037;19/10/2022;X;X;X;NÃO;X;X;PNEU;;;;X;906;
6017;19/10/2022;SIM;21782;SIM;SIM;OUTUBRO;ROMULO;LATERAL;;;;X;1592;1592
6069;17/10/2022;SIM;25283 / 23479;SIM;SIM;OUTUBRO;ROMULO;FRONTAL/LATERAL;;;;X;1968,43;1021,09
6086;13/10/2022;SIM;25909;SIM;SIM;OUTUBRO;MARCIO;LATERAL;;;;X;645;645
6069;13/10/2022;X;X;X;NÃO;X;X;LATERAL;;;;X;1108,4;0
6029;13/10/2022;SIM;22487;SIM;SIM;OUTUBRO;MARCIO;FRONTAL;;;;X;125;125
6184;11/10/2022;SIM;25876;SIM;SIM;OUTUBRO;ROMULO;LATERAL;;;;16:00;1325;1325
6048;10/10/2022;X;X;X;NÃO;X;X;TETO;;;;X;270;0
6189;10/10/2022;SIM;21883;SIM;SIM;OUTUBRO;ROMULO;LATERAL;;;;X;430;430
6271;09/10/2022;SIM;26065;SIM;SIM;NOVEMBRO;LUIZ;PNEU;;;;15:30;2292,16;2292,16
6124;06/10/2022;X;X;X;NÃO;X;X;PNEU;;;;X;906;
6054;06/10/2022;X;X;X;NÃO;X;X;LATERAL;;;;X;480;0
6299;01/10/2022;X;X;X;NÃO;X;X;PNEU;;;;X;906;
6059;01/10/2022;X;X;X;NÃO;X;X;PNEU;;;;X;906;
6126;01/10/2022;SIM;25640;SIM;SIM;OUTUBRO;MARCIO;LATERAL;;;;05:30;95;95
6129;01/10/2022;SIM;25996;SIM;SIM;OUTUBRO;MARCIO;LATERAL;;;;22:29;431,15;431,15
6087;28/09/2022;X;X;X;NÃO;X;X;PNEU;;;;X;906;
6134;27/09/2022;SIM;25997;SIM;SIM;OUTUBRO;ROMULO;LATERAL;;;;X;630;630
6107;27/09/2022;SIM;25909;SIM;SIM;OUTUBRO;MARCIO;LATERAL;;;;X;125;125
6037;26/09/2022;SIM;25700;SIM;SIM;OUTUBRO;LUIZ;LATERAL;;;;23:50;215;215
6066;26/09/2022;X;X;X;NÃO;X;X;LATERAL;;;;X;150;0
6309;24/09/2022;SIM;26089;SIM;SIM;OUTUBRO;VASSIL;LATERAL;;;;X;1521,96;1521,96
6214;24/09/2022;X;X;X;NÃO;X;X;TRASEIRO;;;;X;130;0
6079;24/09/2022;SIM;26051;SIM;SIM;OUTUBRO;VASSIL;FRONTAL;;;;X;90;90
6069;23/09/2022;SIM;26006;SIM;SIM;OUTUBRO;VASSIL;LATERAL;;;;X;195;195
6038;22/09/2022;X;X;X;NÃO;X;X;PNEU;;;;X;906;
6048;22/09/2022;X;X;X;NÃO;X;X;PNEU;;;;X;906;
6039;19/09/2022;SIM;26057;SIM;SIM;OUTUBRO;VASSIL;TRASEIRO;;;;02:30;120;120
6023;19/09/2022;SIM;26053;NÃO;NÃO;SETEMBRO;VASSIL;FRONTAL;;;;X;190;0
6029;19/09/2022;SIM;25925;SIM;NÃO;SETEMBRO;LUIZ;LATERAL;;;;X;115;115
6188;18/09/2022;SIM;25682;SIM;SIM;SETEMBRO;MARCIO;TRASEIRO;;;;X;75;75
6015;18/09/2022;X;X;X;NÃO;X;X;PNEU;;;;X;906;
6114;17/09/2022;SIM;25960;SIM;SIM;OUTUBRO;ROMULO;LATERAL;;;;X;140;140
6047;17/09/2022;SIM;25638;SIM;SIM;SETEMBRO;MARCIO;TRASEIRO;;;;17:00;605;605
6092;16/09/2022;SIM;21448;SIM;SIM;SETEMBRO;ROMULO;LATERAL;;;;X;3220,46;3220,46
6142;16/09/2022;X;X;X;NÃO;X;X;LATERAL;;;;X;813,84;0
6078;16/09/2022;X;X;X;NÃO;X;X;PNEU;;;;X;906;
6189;14/09/2022;SIM;23405;SIM;SIM;SETEMBRO;MARCIO;LATERAL;;;;X;140;140
6135;14/09/2022;SIM;25696;SIM;SIM;SETEMBRO;MARCIO;LATERAL;;;;X;1159,7;1159,7
6082;14/09/2022;X;X;X;NÃO;X;X;PNEU;;;;X;906;
6189;14/09/2022;X;X;X;NÃO;X;X;PNEU;;;;X;906;
6029;13/09/2022;SIM;25331;SIM;SIM;SETEMBRO;LUIZ;FRONTAL;;;;X;65;65
6269;13/09/2022;SIM;25215;SIM;SIM;SETEMBRO;LUIZ;FRONTAL;;;;X;3072,4;3072,4
6136;13/09/2022;SIM;25215;SIM;SIM;SETEMBRO;LUIZ;TRASEIRO;;;;X;177,5;177,5
6099;13/09/2022;SIM;24686;NÃO;NÃO;X;MARCIO;LATERAL;;;;X;1851;0
6199;12/09/2022;SIM;25969;SIM;SIM;SETEMBRO;MARCIO;LATERAL;;;;X;132,5;132,5
6139;10/09/2022;SIM;25887;SIM;NÃO;SETEMBRO;LUIZ;FRONTAL;;;;18:00;90;90
6106;09/09/2022;SIM;26029;NÃO;NÃO;SETEMBRO;ROMULO;FRONTAL;;;;X;110;110
6057;09/09/2022;X;X;X;NÃO;X;X;PNEU;;;;X;443,5;
6039;09/09/2022;X;X;X;NÃO;X;X;PNEU;;;;X;906;
6179;08/09/2022;X;X;X;NÃO;X;X;PNEU;;;;X;906;
6094;07/09/2022;X;X;X;NÃO;X;X;PNEU;;;;X;906;
6066;06/09/2022;X;X;X;NÃO;X;X;PNEU;;;;X;906;
6049;05/09/2022;SIM;26096;SIM;SIM;OUTUBRO;VASSIL;FRONTAL;;;;X;100;100
6158;05/09/2022;SIM;26000;SIM;NÃO;SETEMBRO;MARCIO;LATERAL;;;;X;520;520
6218;05/09/2022;SIM;25576;NÃO;NÃO;X;MARCIO;TRASEIRO;;;;19:40;536,05;0
6228;05/09/2022;X;X;X;NÃO;X;X;PNEU;;;;X;906;
6154;04/09/2022;SIM;25689;SIM;SIM;SETEMBRO;ROMULO;TRASEIRO;;;;15:39;762;762
6149;03/09/2022;SIM;25449;SIM;SIM;SETEMBRO;ROMULO;FRONTAL;;;;X;160;160
6139;02/09/2022;X;X;X;NÃO;X;X;FRONTAL;;;;X;95;0
6157;02/09/2022;X;X;X;NÃO;X;X;LATERAL;;;;X;974,1;0
6156;02/09/2022;SIM;26017;NÃO;NÃO;X;ROMULO;FRONTAL;;;;X;95;0
6231;02/09/2022;X;X;X;NÃO;X;X;TETO;;;;X;152,5;0
6034;01/09/2022;X;X;X;NÃO;X;X;PNEU;;;;X;906;
6023;31/08/2022;SIM;26006;SIM;SIM;SETEMBRO;VASSIL;LATERAL;;;;X;300;300
6134;31/08/2022;SIM;26065;NÃO;NÃO;X;LUIZ;LATERAL;;;;X;360;0
6078;31/08/2022;X;X;X;NÃO;X;X;PNEU;;;;X;906;
6127;29/08/2022;X;X;X;NÃO;X;X;PNEU;;;;X;906;
6023;29/08/2022;X;X;X;NÃO;X;X;PNEU;;;;X;906;
6069;23/08/2022;SIM;25483;NÃO;NÃO;X;VASSIL;LATERAL;;;;X;696,8;0
6229;22/08/2022;SIM;25893;SIM;SIM;AGOSTO;MARCIO;TRASEIRO;;;;23:30;115;115
6244;20/08/2022;SIM;25576;SIM;SIM;AGOSTO;MARCIO;FRONTAL;;;;X;2294,31;2294,31
6029;17/08/2022;SIM;23390;NÃO;NÃO;X;MARCIO;LATERAL;;;;X;889;0
6013;16/08/2022;X;X;X;NÃO;X;X;PNEU;;;;X;906;
6085;15/08/2022;X;X;X;NÃO;X;X;;;;;X;1192,82;0
6074;14/08/2022;X;X;X;NÃO;X;X;PNEU;;;;X;906;
6039;14/08/2022;X;X;X;NÃO;X;X;PNEU;;;;X;2915;
6109;12/08/2022;SIM;25604;SIM;SIM;AGOSTO;ROMULO;LATERAL;;;;X;865;865
6194;11/08/2022;SIM;FREELANCE;X;NÃO;X;X;LATERAL;;;;X;1920;0
6076;10/08/2022;SIM;25915;SIM;SIM;AGOSTO;ROMULO;FRONTAL;;;;X;7730;7000
6116;08/08/2022;SIM;25985;SIM;SIM;AGOSTO;ROMULO;LATERAL;;;;21:43;1075;1075
6188;08/08/2022;X;X;X;NÃO;X;X;PNEU;;;;X;906;
6214;06/08/2022;X;X;X;NÃO;X;X;PNEU;;;;X;1175;
6238;05/08/2022;SIM;25876;SIM;SIM;AGOSTO;ROMULO;LATERAL;;;;21:34;330;330
6157;05/08/2022;SIM;25964;SIM;SIM;AGOSTO;MARCIO;FRONTAL;;;;X;110;110
6046;05/08/2022;X;X;X;NÃO;X;X;FRONTAL;;;;X;100;0
6154;05/08/2022;SIM;25621;NÃO;NÃO;X;ROMULO;FRONTAL;;;;07:58;1770;0
6299;04/08/2022;SIM;25861;SIM;SIM;AGOSTO;VASSIL;FRONTAL/LATERAL;;;;X;4231,51;4231,51
6128;02/08/2022;X;X;X;NÃO;X;X;PNEU;;;;X;2915;
6099;01/08/2022;SIM;25857;SIM;SIM;AGOSTO;VASSIL;FRONTAL;;;;X;115;115
6261;01/08/2022;SIM;24734;SIM;SIM;AGOSTO;LUIZ;FRONTAL;;;;X;80;80
6057;01/08/2022;SIM;25969;SIM;SIM;AGOSTO;MARCIO;FRONTAL;;;;X;85;85
6105;01/08/2022;X;X;X;NÃO;X;X;LATERAL;;;;X;106,45;0
6027;01/08/2022;SIM;25647;NÃO;NÃO;X;ROMULO;LATERAL;;;;X;1013,95;0
6087;01/08/2022;X;X;X;NÃO;X;X;PNEU;;;;X;2915;
6107;31/07/2022;SIM;25323;SIM;SIM;AGOSTO;MARCIO;FRONTAL;;;;00:30;2817,23;2817,23
6164;29/07/2022;SIM;25283;NÃO;NÃO;X;X;LATERAL;;;;19:20;240;0
6251;28/07/2022;SIM;25603;SIM;SIM;JULHO;ROMULO;FRONTAL;;;;00:25;3205,17;3205,17
6148;26/07/2022;SIM;24817;NÃO;NÃO;AGOSTO;MARCIO;FRONTAL;;;;08:00;5568,36;0
6049;25/07/2022;X;X;X;NÃO;X;X;FRONTAL;;;;X;115;0
6102;24/07/2022;SIM;21448;SIM;SIM;JULHO;ROMULO;LATERAL;;;;X;310;310
6064;22/07/2022;SIM;25897;SIM;SIM;JULHO;ROMULO;TRASEIRO;;;;X;125;125
6048;22/07/2022;X;X;X;NÃO;X;X;PNEU;;;;X;906;
6079;21/07/2022;X;X;X;NÃO;X;X;PNEU;;;;X;906;
6105;20/07/2022;SIM;23119;NÃO;NÃO;X;ROMULO;LATERAL;;;;X;125;0
6064;20/07/2022;X;X;X;NÃO;X;X;PNEU;;;;X;906;
6214;19/07/2022;SIM;25985;SIM;SIM;JULHO;ROMULO;FRONTAL;;;;X;220;220
6199;19/07/2022;SIM;26036;SIM;SIM;JULHO;VASSIL;LATERAL;;;;20:00;3311;3311
6106;19/07/2022;X;X;X;NÃO;X;X;FRONTAL;;;;X;82,5;0
6026;18/07/2022;SIM;26000;NÃO;NÃO;X;MARCIO;LATERAL;;;;13:25;1050;0
6129;16/07/2022;SIM;26036;SIM;SIM;JULHO;VASSIL;FRONTAL;;;;X;1508;1508
6079;15/07/2022;SIM;23390;NÃO;NÃO;X;MARCIO;LATERAL;;;;X;865;0
6105;14/07/2022;SIM;25920;SIM;SIM;JULHO;ROMULO;LATERAL;;;;X;280;280
6124;12/07/2022;SIM;26011;SIM;SIM;AGOSTO;ROMULO;FRONTAL;;;;X;125;125
6139;11/07/2022;SIM;25888;SIM;SIM;JULHO;LUIZ;FRONTAL;;;;X;167,5;167,5
6039;11/07/2022;SIM;23390;NÃO;NÃO;X;MARCIO;FRONTAL/LATERAL;;;;06:30;12562,45;0
6189;08/07/2022;SIM;25995;NÃO;NÃO;X;MARCIO;LATERAL;;;;23:30;8438,66;0
6016;07/07/2022;X;X;X;NÃO;X;X;;;;;X;490;0
6199;06/07/2022;SIM;25604;NÃO;NÃO;X;ROMULO;FRONTAL;;;;00:24;3859,8;0
6139;05/07/2022;SIM;26005;NÃO;NÃO;X;VASSIL;FRONTAL;;;;20:00;866;0
6097;02/07/2022;X;X;X;NÃO;X;X;PNEU;;;;X;906;
6058;02/07/2022;X;X;X;NÃO;X;X;PNEU;;;;X;906;
6023;01/07/2022;SIM;X;NÃO;NÃO;JULHO;ROMULO;LATERAL;;;;X;285;285
6271;01/07/2022;SIM;X;NÃO;NÃO;JULHO;ROMULO;LATERAL;;;;04:58;160;160
6014;01/07/2022;SIM;25986;SIM;SIM;JULHO;ROMULO;FRONTAL;;;;03:40;2020;2020
6127;30/06/2022;SIM;24863;SIM;SIM;;MARCIO;FRONTAL;;;;X;100;70
6261;29/06/2022;SIM;25876;SIM;SIM;JULHO;ROMULO;FRONTAL;;;;X;90;60
6016;29/06/2022;X;FREELANCE;X;NÃO;X;X;LATERAL;;;;X;265;0
6023;28/06/2022;SIM;25492;SIM;SIM;JULHO;LUIZ;FRONTAL;;;;X;97,5;60
6127;28/06/2022;X;X;X;NÃO;X;X;PNEU;;;;X;906;
6134;28/06/2022;X;X;X;NÃO;X;X;PNEU;;;;X;906;
6126;28/06/2022;X;X;X;NÃO;X;X;PNEU;;;;X;906;
6219;27/06/2022;SIM;23983;SIM;SIM;JULHO;ROMULO;LATERAL;;;;X;1400,26;1355,26
6084;25/06/2022;SIM;25955;SIM;SIM;JULHO;ROMULO;FRONTAL;;;;X;95;80
6134;25/06/2022;X;X;X;NÃO;X;X;PNEU;;;;X;906;
6025;24/06/2022;X;X;X;NÃO;X;X;PNEU;;;;X;906;
6048;24/06/2022;X;X;X;NÃO;X;X;PNEU;;;;X;906;
6147;23/06/2022;SIM;25716;SIM;NÃO;X;LUIZ;LATERAL;;;;X;800;740
6096;23/06/2022;X;X;X;NÃO;X;X;LATERAL;;;;X;203,8;
6124;23/06/2022;X;X;X;NÃO;X;X;LATERAL;;;;X;150,8;0
6148;23/06/2022;X;X;X;NÃO;X;X;PNEU;;;;X;906;
6249;23/06/2022;SIM;FREELANCE;NÃO;NÃO;X;ROMULO;LATERAL;;;;X;1020;0
6159;22/06/2022;SIM;24972;SIM;SIM;JULHO;MARCIO;FRONTAL;;;;X;2455;2350
6259;22/06/2022;X;X;X;NÃO;X;X;ASSALTO;;;;X;1015;
6069;22/06/2022;X;X;X;NÃO;X;X;PNEU;;;;X;906;
6039;21/06/2022;X;X;X;NÃO;X;X;PNEU;;;;X;3065;
6084;20/06/2022;X;X;X;NÃO;X;X;ASSALTO;;;;X;2373,95;
6036;20/06/2022;X;X;X;NÃO;X;X;PNEU;;;;X;906;
6039;17/06/2022;SIM;25623;SIM;SIM;JUNHO;VASSIL;LATERAL;;;;X;202,5;120
6309;17/06/2022;SIM;23119;SIM;SIM;JUNHO;MARCIO;FRONTAL;;;;X;383,25;300
6106;16/06/2022;X;X;X;NÃO;X;X;PNEU;;;;X;906;
6069;15/06/2022;SIM;25971;SIM;SIM;JUNHO;MARCIO;LATERAL;;;;20:30;240;150
6026;15/06/2022;X;X;X;NÃO;X;X;PNEU;;;;X;906;
6027;14/06/2022;SIM;22487;SIM;SIM;JUNHO;MARCIO;LATERAL;;;;X;2120;2090
6239;13/06/2022;SIM;25926;SIM;SIM;AGOSTO;LUIZ;LATERAL;;;;07:30;1626,96;1581,96
6261;13/06/2022;SIM;24817;SIM;SIM;JUNHO;MARCIO;FRONTAL;;;;X;177,5;80
6019;13/06/2022;X;X;X;NÃO;X;X;PNEU;;;;X;906;
6074;12/06/2022;X;X;X;NÃO;X;X;LATERAL;;;;X;906;
6069;12/06/2022;X;X;X;NÃO;X;X;LATERAL;;;;X;906;
6079;11/06/2022;SIM;25448;SIM;SIM;JUNHO;VASSIL;FRONTAL;;;;X;180;90
6244;11/06/2022;X;X;X;NÃO;X;X;LATERAL;;;;X;906;
6049;10/06/2022;SIM;24785;SIM;SIM;JUNHO;VASSIL;FRONTAL;;;;14:30;157,5;90
6046;09/06/2022;SIM;26017;SIM;SIM;JUNHO;ROMULO;FRONTAL;;;;X;122,5;70
6066;08/06/2022;X;X;X;NÃO;X;X;X;;;;X;130;
6198;07/06/2022;SIM;25905;SIM;SIM;JULHO;ROMULO;TRASEIRO;;;;X;205;100
6127;07/06/2022;SIM;24863;SIM;SIM;JUNHO;MARCIO;FRONTAL;;;;X;160;70
6159;06/06/2022;X;X;X;NÃO;X;X;X;;;;X;893,16;
6208;06/06/2022;X;X;X;NÃO;X;X;PNEU;;;;X;906;
6059;06/06/2022;X;X;X;NÃO;X;X;PNEU;;;;X;906;
6069;03/06/2022;X;X;X;NÃO;X;X;X;;;;X;339;
6079;03/06/2022;X;X;X;NÃO;X;X;X;;;;X;165;
6088;31/05/2022;X;X;X;NÃO;X;ROMULO;FRONTAL;;;;02:00;3265;
6229;30/05/2022;SIM;25696;SIM;SIM;AGOSTO;MARCIO;LATERAL;;;;00:50;365;230
6049;30/05/2022;SIM;25996;SIM;SIM;JULHO;MARCIO;LATERAL;;;;23:10;210;180
6014;30/05/2022;X;X;X;NÃO;X;X;LATERAL;;;;X;436,34;
6023;30/05/2022;SIM;24432;SIM;NÃO;X;MARCIO;FRONTAL;;;;20:50;6006,21;5646,21
6194;27/05/2022;SIM;25889;SIM;SIM;JUNHO;ROMULO;FRONTAL;;;;X;80;50
6149;27/05/2022;SIM;25871;SIM;SIM;JUNHO;VASSIL;LATERAL;;;;17:45;195;180
6244;25/05/2022;SIM;25989;SIM;SIM;MAIO;ROMULO;LATERAL;;;;X;95;80
6106;25/05/2022;SIM;25892;SIM;NÃO;X;ROMULO;FRONTAL;;;;X;135;75
6094;24/05/2022;X;X;X;NÃO;X;X;FRONTAL;;;;X;4672,11;
6049;24/05/2022;X;X;X;NÃO;X;X;LATERAL;;;;X;752,4;
6014;23/05/2022;X;X;X;NÃO;X;X;FRONTAL;;;;X;1491,34;
6234;23/05/2022;SIM;25971;SIM;NÃO;X;MARCIO;LATERAL;;;;X;210;120
6028;20/05/2022;X;X;NÃO;NÃO;X;ROMULO;LATERAL;;;;08:00;201;141
6139;20/05/2022;SIM;25866;SIM;NÃO;X;VASSIL;FRONTAL;;;;X;132,5;80
6022;20/05/2022;X;X;X;NÃO;X;X;FRONTAL;;;;X;2550;
6099;19/05/2022;SIM;25548;SIM;SIM;JULHO;VASSIL;FRONTAL;;;;X;125;80
6202;17/05/2022;SIM;25883;SIM;SIM;MAIO;ROMULO;FRONTAL;;;;X;1000;910
6038;17/05/2022;SIM;25082;SIM;SIM;X;LUIZ;TRASEIRO;;;;07:30;165;90
6122;16/05/2022;SIM;25972;SIM;SIM;MAIO;ROMULO;FRONTAL/LATERAL;;;;X;3468,5;3161
6248;15/05/2022;X;X;X;NÃO;X;X;LATERAL;;;;X;906;
6155;13/05/2022;SIM;25897;SIM;SIM;MAIO;ROMULO;LATERAL;;;;X;297,5;200
6104;13/05/2022;SIM;25684;SIM;NÃO;X;LUIZ;LATERAL;;;;X;940;790
6309;12/05/2022;X;X;X;NÃO;X;X;LATERAL;;;;X;906;
6079;11/05/2022;X;X;X;NÃO;X;X;FRONTAL;;;;X;65;
6095;11/05/2022;X;X;X;NÃO;X;X;LATERAL;;;;X;906;
6154;10/05/2022;SIM;25326;SIM;SIM;MAIO;ROMULO;LATERAL;;;;X;225;150
6157;09/05/2022;SIM;24597;SIM;SIM;MAIO;VASSIL;LATERAL;;;;X;300;150
6241;09/05/2022;X;X;X;NÃO;X;X;FRONTAL;;;;X;97;
6179;07/05/2022;SIM;23405;SIM;SIM;JUNHO;MÁRCIO;FRONTAL;;;;X;90;90
6077;06/05/2022;SIM;25638;SIM;SIM;MAIO;MÁRCIO;LATERAL;;;;X;245;170
6014;06/05/2022;X;X;X;NÃO;X;X;LATERAL;;;;X;753;
6067;05/05/2022;SIM;25616;SIM;SIM;MAIO;MÁRCIO;LATERAL;;;;X;320;200
6086;05/05/2022;SIM;25926;SIM;NÃO;X;LUIZ;TRASEIRO;;;;X;90;60
6146;05/05/2022;X;X;X;NÃO;X;X;LATERAL;;;;X;906;
6017;05/05/2022;X;X;X;NÃO;X;X;LATERAL;;;;X;906;
6241;05/05/2022;X;X;X;NÃO;X;X;LATERAL;;;;X;906;
6147;04/05/2022;X;X;X;NÃO;X;X;LATERAL;;;;X;906;
6034;03/05/2022;X;X;X;NÃO;X;X;LATERAL;;;;X;260;
6022;03/05/2022;X;X;X;NÃO;X;X;FRONTAL;;;;X;9450,21;
6026;03/05/2022;X;X;X;NÃO;X;X;LATERAL;;;;X;906;
6049;02/05/2022;SIM;22487;SIM;SIM;JUNHO;MÁRCIO;FRONTAL;;;;X;302;302
6049;02/05/2022;SIM;25969;SIM;SIM;MAIO;MÁRCIO;LATERAL;;;;X;570;570
6117;02/05/2022;X;X;X;NÃO;X;X;LATERAL;;;;X;906;
6049;25/04/2022;SIM;25604;SIM;SIM;JUNHO;ROMULO;FRONTAL;;;;X;130;70
6039;24/04/2022;SIM;25935;SIM;SIM;JUNHO;VASSIL;LATERAL;;;;X;275;170
6124;23/04/2022;X;X;NÃO;NÃO;X;ROMULO;FRONTAL;;;;X;1595,68;0
6069;20/04/2022;X;X;NÃO;NÃO / AVARIA FEITA NA MAN.;X;X;X;;;;X;X;
6077;19/04/2022;X;X;X;NÃO;X;ROMULO;FRONTAL;;;;X;3671,71;0
6049;18/04/2022;SIM;25863;SIM;SIM;MAIO;VASSIL;LATERAL;;;;X;160;160
6251;13/04/2022;SIM;25882;SIM;SIM;MAIO;ROMULO;LATERAL;;;;X;387,5;300
6018;12/04/2022;SIM;25893;SIM;SIM;JUNHO;MÁRCIO;FRONTAL;;;;X;110;80
6106;10/04/2022;SIM;25984;SIM;SIM;MAIO;ROMULO;TRASEIRA;;;;X;177,5;150
6159;10/04/2022;SIM;25616;SIM;SIM;MAIO;MÁRCIO;TRASEIRA;;;;X;167,5;150
6054;10/04/2022;SIM;25984;SIM;SIM;MAIO;ROMULO;LATERAL;;;;X;672,5;600
6059;10/04/2022;SIM;25616;SIM;SIM;MAIO;MÁRCIO;LATERAL;;;;X;998,5;900
6099;07/04/2022;SIM;25863;SIM;SIM;MAIO;VASSIL;FRONTAL;;;;X;6723;3300
6261;07/04/2022;SIM;23750;SIM;NÃO;X;LUIZ;FRONTAL;;;;X;162,23;150
6016;06/04/2022;SIM;FREELANCE;SIM;NÃO;X;ROMULO;FRONTAL;;;;X;4306;0
6238;27/03/2022;SIM;25905;SIM;SIM;MAIO;ROMULO;FRONTAL;;;;X;290;200
6261;17/03/2022;SIM;25985;SIM;SIM;SETEMBRO;ROMULO;X;;;;X;200;200
6134;11/03/2022;SIM;25910;SIM;SIM;SETEMBRO;ROMULO;X;;;;X;1208;1208
6086;29/12/2023;SIM;26154;NÃO;-;-;MANUTENÇÃO;DIANTEIRO;;;;;400;0
6083;29/12/2023;NÃO;-;-;-;-;-;FRONTAL;;;;;4490,58;0
6029;27/12/2023;NÃO;-;-;-;-;-;DIANTEIRO LE;;;;;75;0
6063;27/12/2023;NÃO;-;-;-;-;-;DIANTEIRO LD;;;;;623,58;0
6148;26/12/2023;SIM;25423;SIM;NÃO;;IVOMAR;LATERAL LD;;;;;631;631
6096;25/12/2023;SIM;25926;SIM;NÃO;;LUIZ;PNEU;;;;;1156;1156
6079;22/12/2023;NÃO;-;-;-;-;-;DIANTEIRO;;;;;150;0
6146;21/12/2023;NÃO;-;-;-;-;-;LATERAL LE;;;;;935,4;0
6067;20/12/2023;SIM;23479;SIM;NÃO;;RINALDO;TRASEIRO LE;;;;;1135;1135
6086;19/12/2023;NÃO;-;-;-;-;-;LATERAL LD;;;;;200;0
6033;16/12/2023;NÃO;-;-;-;-;-;DIANTEIRO LD - LE;;;;;5662;0
6118;14/12/2023;SIM;26358;SIM;NÃO;;DENIS;LATERAL LE;;;;;200;200
6154;14/12/2023;NÃO;-;-;-;-;-;DIANTEIRO LD;;;;;302,81;0
6073;11/12/2023;NÃO;-;-;-;-;-;PNEU;;;;;3470;0
6097;09/12/2023;SIM;25997;SIM;NÃO;;RINALDO;DIANTEIRO LE;;;;;70;70
6127;07/12/2023;NÃO;-;-;-;-;-;DIANTEIRO;;;;;2839;0
6169;05/12/2023;NÃO;-;-;-;-;-;FRONTAL/LATERAL LD;;;;;3692;0
6039;05/12/2023;NÃO;-;-;-;-;-;LATERAL LD;;;;;622;0
6067;05/12/2023;NÃO;-;-;-;-;-;DIANTEIRO;;;;;80;0
6104;28/11/2023;;;;;;;TRASEIRO;;;;;1095;
6104;27/11/2023;SIM;18805;SIM;SIM;;RINALDO;DIANTEIRA;;;;;5990;5990
6199;24/11/2023;X;X;X;NÃO;X;X;PARTES INFERIORES;;;;X;150;0
6202;24/11/2023;;;;;;;TRASEIRO;;;;;20395,6;
6054;24/11/2023;;;;;;;LATERAL;;;;;130;
6057;24/11/2023;;;;;;;TRASEIRO;;;;;15623;
6154;24/11/2023;;;;;;;FRONTAL;;;;;150;
6039;18/11/2023;SIM;26225;SIM;NÃO;NOVEMBRO;VASSIL;DIANTEIRO;;;;X;70;70
6027;16/11/2023;SIM;25905;NÃO;NÃO;NOVEMBRO;RÔMULO;LATERAL;;;;X;1203,55;0
6209;13/11/2023;SIM;26102;NÃO;NÃO;X;RINALDO;LATERAL;;;;X;120;0
6119;13/11/2023;SIM;26261;SIM;NÃO;NOVEMBRO;VASSIL;LATERAL;;;;X;1756,24;1756,24
6014;13/11/2023;SIM;24723;SIM;NÃO;NOVEMBRO;RINALDO;DIANTEIRO;;;;X;269,48;269,48
6178;13/11/2023;;;;;;;TRASEIRO;;;;;1783,7;
6106;04/11/2023;X;X;X;NÃO;X;;;;;;X;75;0
6119;04/11/2023;SIM;26059;SIM;NÃO;NOVEMBRO;VASSIL;TRASEIRO;;;;X;130;130
6114;04/11/2023;X;X;X;NÃO;X;;;;;;X;70;0
6079;04/11/2023;SIM;26235;SIM;NÃO;NOVEMBRO;RINALDO;DIANTEIRO;;;;X;70;70
6054;04/11/2023;X;X;X;NÃO;X;;;;;;X;75;0
6127;31/10/2023;SIM;26238;NÃO;NÃO;X;VASSIL;FRONTAL;;;;X;150;0
6039;30/10/2023;X;X;NÃO;NÃO;X;X;DIANTEIRA;;;;X;70;0
6076;30/10/2023;X;X;NÃO;NÃO;X;X;MALEIRO;;;;X;70;0
6014;30/10/2023;SIM;24723;NÃO;NÃO;X;RINALDO;MALEIRO;;;;X;1442,49;0
6117;27/10/2023;X;X;NÃO;NÃO;X;X;FRONTAL;;;;X;2432,5;0
6149;25/10/2023;SIM;25628;SIM;NÃO;OUTUBRO;LUIZ;DIANTEIRA;;;;X;100;100
6279;18/10/2023;X;X;NÃO;NÃO;X;X;INFERIOR;;;;X;100;0
6129;16/10/2023;X;X;NÃO;NÃO;X;X;PNEU;;;;X;1245;0
6096;16/10/2023;X;X;X;NÃO;X;X;LATERAL;;;;X;668;0
6066;16/10/2023;SIM;26350;SIM;NÃO;OUTUBRO;RÔMULO;LATERAL;;;;X;100;100
6047;14/10/2023;X;X;NÃO;NÃO;X;X;PNEU;;;;X;1245;0
6059;14/10/2023;X;X;NÃO;NÃO;X;X;PNEU;;;;X;1245;0
6169;14/10/2023;X;X;NÃO;NÃO;X;X;FRONTAL;;;;X;2580;0
6208;12/10/2023;X;X;NÃO;NÃO;X;X;PNEU;;;;X;1245;0
6149;10/10/2023;X;X;NÃO;NÃO;X;X;PNEU;;;;X;1380;0
6028;09/10/2023;SIM;23896;SIM;NÃO;OUTUBRO;RINALDO;SUPERIOR;;;;X;100;100
6066;09/10/2023;X;X;NÃO;NÃO;X;X;PNEU;;;;X;1245;0
6048;08/10/2023;X;X;NÃO;NÃO;X;X;PNEU;;;;X;1245;0
6078;06/10/2023;X;X;NÃO;NÃO;X;X;PNEU;;;;X;1245;0
6037;05/10/2023;X;X;NÃO;NÃO;X;X;PNEU;;;;X;1245;0
6039;05/10/2023;X;X;X;NÃO;X;X;LATERAL;;;;X;669,91;0
6129;05/10/2023;SIM;25587;SIM;NÃO;OUTUBRO;ROMULO;LATERAL;;;;X;120;120
6085;04/10/2023;X;X;X;NÃO;X;X;FRONTAL;;;;X;430;0
6035;02/10/2023;X;X;X;NÃO;X;X;LATERAL INFERIOR;;;;X;80;0
6289;01/10/2023;SIM;25931;SIM;NÃO;OUTUBRO;ROMULO;DIANTEIRA;;;;X;2796;2796
6099;29/09/2023;X;X;NÃO;NÃO;X;X;INTERNA;;;;X;590,15;0
6169;28/09/2023;SIM;26256;SIM;SIM;OUTUBRO;VASSIL;LATERAL;;;;X;600;600
6057;25/09/2023;X;X;X;NÃO;X;X;DIANTEIRA;;;;X;150;0
6026;25/09/2023;X;X;NÃO;NÃO;X;X;PNEU;;;;X;1245;0
6178;24/09/2023;SIM;26192;SIM;SIM;OUTUBRO;RINALDO;LATERAL;;;;X;70;70
6112;24/09/2023;SIM;26132;SIM;SIM;OUTUBRO;ROMULO;DIANTEIRA;;;;X;120;120
6147;23/09/2023;X;X;X;NÃO;X;X;PNEU;;;;X;1245;0
6149;21/09/2023;X;X;X;NÃO;X;X;TRASEIRA;;;;X;100;0
6127;19/09/2023;X;X;NÃO;NÃO;X;X;DIANTEIRA;;;;X;180;0
6049;18/09/2023;X;X;X;NÃO;X;X;DIANTEIRA;;;;X;2925;0
6214;18/09/2023;X;X;X;NÃO;X;X;LATERAL;;;;X;2565,8;0
6049;18/09/2023;X;X;X;NÃO;X;X;DIANTEIRA;;;;X;1560;0
6039;18/09/2023;X;X;X;NÃO;X;X;DIANTEIRA;;;;X;2600;0
6099;18/09/2023;SIM;25640;SIM;SIM;OUTUBRO;RINALDO;LATERAL;;;;X;918,78;918,18
6279;17/09/2023;X;X;NÃO;NÃO;X;X;PNEU;;;;X;1245;0
6107;17/09/2023;X;X;NÃO;NÃO;X;X;PNEU;;;;X;1245;0
6043;14/09/2023;X;X;NÃO;NÃO;X;X;PNEU;;;;X;2765;0
6118;14/09/2023;X;X;X;NÃO;X;X;DIANTEIRA;;;;X;1350;0
6259;14/09/2023;X;X;NÃO;NÃO;X;X;LATERAL;;;;X;1983,2;0
6128;13/09/2023;X;X;X;NÃO;X;X;DIANTEIRA;;;;X;140;0
6119;12/09/2023;X;X;NÃO;NÃO;X;X;DIANTEIRA;;;;X;940;0
6188;11/09/2023;X;X;X;NÃO;X;X;DIANTEIRA;;;;X;110;0
6172;09/09/2023;X;X;X;NÃO;X;X;LATERAL;;;;X;115;0
6199;05/09/2023;X;X;X;NÃO;X;X;DIANTEIRA;;;;X;125;0
6026;04/09/2023;SIM;18805;SIM;SIM;OUTUBRO;ROMULO;LATERAL;;;;X;555;555
6058;04/09/2023;X;X;X;NÃO;X;X;INTERNA;;;;X;80;0
6162;03/09/2023;X;X;NÃO;NÃO;X;X;DIANTEIRA;;;;X;232,5;0
6043;30/08/2023;X;X;X;NÃO;X;X;TRASEIRO;;;;X;991,44;0
6116;30/08/2023;X;X;X;NÃO;X;X;DIANTEIRA;;;;X;1435;0
6049;29/08/2023;X;X;X;NÃO;X;X;DIANTEIRA;;;;X;790;0
6169;29/08/2023;X;X;X;NÃO;X;X;FRONTAL;;;;X;3749;0
6147;29/08/2023;X;X;X;NÃO;X;X;DIANTEIRA;;;;X;780;0
6115;29/08/2023;X;X;X;NÃO;X;X;TRASEIRO;;;;X;117,5;0
6127;29/08/2023;X;X;X;NÃO;X;X;DIANTEIRA;;;;X;730;0
6065;28/08/2023;X;X;X;NÃO;X;X;DIANTEIRA;;;;X;1090;0
6043;27/08/2023;X;X;X;NÃO;X;X;DIANTEIRA;;;;X;135;0
6208;24/08/2023;X;X;X;NÃO;X;X;DIANTEIRA;;;;X;1365;0
6154;24/08/2023;X;X;X;NÃO;X;X;DIANTEIRA;;;;X;1095;0
6033;24/08/2023;X;X;X;NÃO;X;X;FRONTAL;;;;X;3768,5;0
6039;23/08/2023;X;X;NÃO;NÃO;X;X;DIANTEIRA;;;;X;1375,65;0
6179;23/08/2023;X;X;X;NÃO;X;X;DIANTEIRA;;;;X;1730,84;0
6132;22/08/2023;X;X;X;NÃO;X;X;FRONTAL;;;;X;1095;0
6139;21/08/2023;X;X;X;NÃO;X;X;FRONTAL;;;;X;790;0
6044;21/08/2023;X;X;X;NÃO;X;X;FRONTAL;;;;X;730;0
6042;18/08/2023;X;X;NÃO;NÃO;X;X;LATERAL;;;;X;886;0
6229;17/08/2023;X;X;X;NÃO;X;X;DIANTEIRA;;;;X;2856;0
6199;17/08/2023;X;X;NÃO;NÃO;X;X;DIANTEIRA;;;;X;120;0
6149;16/08/2023;X;X;X;NÃO;X;X;DIANTEIRA;;;;X;135;0
6249;16/08/2023;X;X;X;NÃO;X;X;DIANTEIRA;;;;X;2856;0
6125;16/08/2023;X;X;X;NÃO;X;X;DIANTEIRA;;;;X;1060;0
6219;16/08/2023;X;X;X;NÃO;X;X;DIANTEIRA;;;;X;1460;0
6229;16/08/2023;SIM;26258;SIM;NÃO;AGOSTO;LUÍS;TRASEIRO;;;;X;80;80
6053;14/08/2023;SIM;26130;SIM;NÃO;AGOSTO;RINALDO;DIANTEIRA;;;;X;72,5;72,5
6248;14/08/2023;X;X;NÃO;NÃO;X;X;DIANTEIRA;;;;X;2753,81;0
6079;14/08/2023;X;X;NÃO;NÃO;X;X;PNEU;;;;X;2740;0
6088;14/08/2023;SIM;26321;SIM;NÃO;AGOSTO;VASSIL;DIANTEIRA;;;;X;65;65
6079;14/08/2023;SIM;26230;SIM;NÃO;AGOSTO;VASSIL;DIANTEIRA;;;;X;82,5;82,5
6109;13/08/2023;SIM;26005;SIM;NÃO;AGOSTO;VASSIL;DIANTEIRA;;;;X;75;75
6144;12/08/2023;X;X;X;NÃO;X;X;FRONTAL;;;;X;1060;0
6039;11/08/2023;SIM;25996;SIM;NÃO;AGOSTO;ROMULO;DIANTEIRA;;;;X;2900;2900
6047;11/08/2023;X;X;X;NÃO;X;X;FRONTAL;;;;X;2606;0
6064;10/08/2023;X;X;NÃO;NÃO;X;X;PNEU;;;;X;2740;0
6086;10/08/2023;SIM;24847;SIM;NÃO;AGOSTO;ROMULO;LATERAL;;;;X;160;160
6019;10/08/2023;X;X;NÃO;NÃO;X;X;DIANTEIRA;;;;X;1920;0
6118;10/08/2023;X;X;X;NÃO;X;X;LATERAL;;;;X;716;0
6012;09/08/2023;X;X;X;NÃO;X;X;FRONTAL;;;;X;2606;0
6107;09/08/2023;X;X;X;NÃO;X;X;FRONTAL;;;;X;2606;0
6087;07/08/2023;X;X;NÃO;NÃO;X;X;PNEU;;;;X;5140;0
6127;04/08/2023;SIM;26313;SIM;NÃO;AGOSTO;VASSIL;DIANTEIRA;;;;X;3700;3700
6036;02/08/2023;X;X;NÃO;NÃO;X;X;DIANTEIRA;;;;X;1655;0
6162;01/08/2023;SIM;26247;SIM;NÃO;AGOSTO;ROMULO;LATERAL;;;;X;2551,75;2551,75
6029;31/07/2023;X;X;X;NÃO;X;X;X;;;;X;115;0
6055;30/07/2023;X;X;X;NÃO;X;X;PNEU;;;;X;1245;0
6023;29/07/2023;SIM;23479;SIM;NÃO;AGOSTO;ROMULO;FRONTAL;;;;X;2515,28;2515,28
6054;28/07/2023;SIM;26192;SIM;NÃO;AGOSTO;RINALDO;FRONTAL;;;;X;2443,81;2443,81
6053;27/07/2023;SIM;26243;SIM;NÃO;AGOSTO;ROMULO;FRONTAL;;;;X;225;225
6158;26/07/2023;X;X;X;NÃO;X;X;PNEU;;;;X;1245;0
6069;25/07/2023;SIM;26265;SIM;NÃO;AGOSTO;VASSIL;LATERAL;;;;17:45;100;100
6039;24/07/2023;X;X;X;NÃO;X;X;X;;;;X;1009;0
6057;24/07/2023;SIM;25970;SIM;NÃO;AGOSTO;RINALDO;LATERAL;;;;X;1393,13;1393,13
6059;24/07/2023;X;X;X;NÃO;X;X;X;;;;X;260;0
6058;24/07/2023;X;X;X;NÃO;X;X;X;;;;X;92,5;0
6109;24/07/2023;SIM;25964;SIM;NÃO;AGOSTO;RINALDO;LATERAL;;;;22:00;827,5;827,5
6134;21/07/2023;SIM;26211;SIM;NÃO;AGOSTO;LUIZ;FRONTAL;;;;23:30;1820;1820
6154;21/07/2023;SIM;25144;SIM;NÃO;AGOSTO;ROMULO;TRASEIRO;;;;22:18;115;115
6119;20/07/2023;X;X;X;NÃO;X;X;X;;;;X;115;0
6168;18/07/2023;X;X;X;NÃO;X;X;PNEU;;;;X;1245;0
6043;18/07/2023;X;X;X;NÃO;X;X;PNEU;;;;X;2195;0
6035;18/07/2023;SIM;25989;SIM;NÃO;AGOSTO;ROMULO;FRONTAL;;;;X;1890;1890
6096;17/07/2023;X;X;X;NÃO;X;X;X;;;;X;1087;0
6279;17/07/2023;SIM;23119;SIM;NÃO;AGOSTO;RINALDO;FRONTAL;;;;04:00;222,96;222,96
6089;17/07/2023;SIM;FREE 001;SIM;NÃO;AGOSTO;VASSIL;LATERAL;;;;08:30;1176;1176
6102;14/07/2023;X;X;X;NÃO;X;X;X;;;;X;1413;0
6169;14/07/2023;SIM;26264;SIM;NÃO;AGOSTO;VASSIL;FRONTAL;;;;06:00;1505,63;1505,63
6085;13/07/2023;X;X;X;NÃO;X;X;X;;;;X;100;0
6184;13/07/2023;X;X;X;NÃO;X;X;X;;;;X;125;0
6179;13/07/2023;SIM;26090;SIM;NÃO;AGOSTO;ROMULO;LATERAL;;;;X;115;115
6082;12/07/2023;SIM;25883;SIM;NÃO;AGOSTO;ROMULO;LATERAL;;;;13:10;62,5;62,5
6038;11/07/2023;X;X;X;NÃO;X;X;X;;;;X;998,05;0
6015;11/07/2023;X;X;X;NÃO;X;X;X;;;;X;836,7;0
6075;11/07/2023;X;X;X;NÃO;X;X;X;;;;X;115;0
6059;10/07/2023;X;X;X;NÃO;X;X;X;;;;X;95;0
6299;08/07/2023;X;X;X;NÃO;X;X;PNEU;;;;X;1245;0
6017;07/07/2023;SIM;25990;SIM;NÃO;AGOSTO;ROMULO;FRONTAL;;;;22:50;3547;3547
6106;06/07/2023;X;X;X;NÃO;X;X;X;;;;X;97,5;0
6259;05/07/2023;X;X;X;NÃO;X;X;X;;;;X;2583;0
6027;05/07/2023;X;X;X;NÃO;X;X;X;;;;X;696,23;0
6249;04/07/2023;X;X;X;NÃO;X;X;X;;;;X;250;0
6058;03/07/2023;SIM;26204;SIM;NÃO;AGOSTO;ROMULO;LATERAL;;;;07:30;2810,43;2810,43
6036;03/07/2023;;;X;NÃO;X;X;X;;;;X;826;0
6073;30/06/2023;SIM;22863;SIM;NÃO;JUNHO;ROMULO;LATERAL;;;;11:50;140;140
6096;29/06/2023;X;X;X;NÃO;X;X;LATERAL;;;;X;132,5;0
6078;29/06/2023;X;X;X;NÃO;X;X;LATERAL;;;;X;145;0
6068;27/06/2023;X;X;X;NÃO;X;X;FRONTAL;;;;X;145;0
6048;25/06/2023;X;X;X;NÃO;X;X;LATERAL;;;;X;330;0
6059;25/06/2023;SIM;26254;SIM;NÃO;JUNHO;VASSIL;FRONTAL;;;;06:00;55;55
6147;25/06/2023;X;X;X;NÃO;X;X;LATERAL;;;;X;2881,42;0
6076;23/06/2023;SIM;26179;SIM;NÃO;JUNHO;LUIZ;LATERAL;;;;23:30;270;270
6199;23/06/2023;X;X;X;NÃO;X;X;PNEU;;;;X;5597;
6092;22/06/2023;X;X;X;NÃO;X;X;LATERAL;;;;X;270;0
6024;21/06/2023;SIM;26221;SIM;NÃO;JUNHO;ROMULO;TRASEIRO;;;;06:15;135;135
6158;21/06/2023;X;X;X;NÃO;X;X;FRONTAL;;;;X;95;0
6115;21/06/2023;SIM;26247;SIM;SIM;JUNHO;ROMULO;FRONTAL;;;;00:07;7193,11;7193,11
6139;21/06/2023;X;X;X;NÃO;X;X;LATERAL;;;;X;726;0
6156;20/06/2023;X;X;X;NÃO;X;X;LATERAL;;;;X;277,5;0
6074;20/06/2023;X;X;X;NÃO;X;X;LATERAL;;;;X;710,39;0
6043;20/06/2023;X;X;X;NÃO;X;X;FRONTAL;;;;X;4050;0
6159;18/06/2023;SIM;25423;SIM;SIM;JUNHO;VASSIL;FRONTAL;;;;20:00;55;55
6136;16/06/2023;X;X;X;NÃO;X;X;PNEU;;;;X;2740;0
6159;15/06/2023;SIM;25866;SIM;NÃO;JUNHO;VASSIL;FRONTAL;;;;02:30;110;110
6189;15/06/2023;SIM;26220;SIM;SIM;JUNHO;LUIZ;PNEU;;;;20:15;1245;1245
6058;15/06/2023;SIM;26260;SIM;SIM;JUNHO;RINALDO;FRONTAL;;;;00:55;3485;3485
6076;13/06/2023;X;X;X;NÃO;X;X;LATERAL;;;;X;183;0
6054;12/06/2023;X;X;X;NÃO;X;X;FRONTAL;;;;X;80;0
6114;12/06/2023;X;X;X;NÃO;X;X;LATERAL;;;;X;190;0
6048;12/06/2023;X;X;X;NÃO;X;X;TRASEIRO;;;;X;132,5;0
6048;10/06/2023;X;X;X;NÃO;X;X;PNEU;;;;X;1245;
6033;10/06/2023;X;X;X;NÃO;X;X;LATERAL;;;;X;936,24;0
6063;09/06/2023;X;X;X;NÃO;X;X;FRONTAL;;;;X;62,5;0
6029;05/06/2023;X;X;X;NÃO;X;X;LATERAL;;;;X;624;0
6147;05/06/2023;X;X;X;NÃO;X;X;FRONTAL;;;;X;700;0
6027;04/06/2023;X;X;X;NÃO;X;X;PNEU;;;;X;4087;
6029;03/06/2023;X;X;X;NÃO;X;X;FRONTAL;;;;X;87,5;0
6059;02/06/2023;X;X;X;NÃO;X;X;PNEU;;;;X;1245;
6204;01/06/2023;X;X;X;NÃO;X;X;TRASEIRO;;;;X;97,5;0
6029;01/06/2023;X;X;X;NÃO;X;X;LATERAL;;;;X;2857;0
6209;01/06/2023;X;X;X;NÃO;X;X;PNEU;;;;X;4087;
6126;29/05/2023;SIM;26246;SIM;SIM;JUNHO;ROMULO;LATERAL;;;;X;190;190
6112;29/05/2023;X;X;X;NÃO;X;X;LATERAL;;;;X;82,5;0
6234;29/05/2023;X;X;X;NÃO;X;X;FRONTAL;;;;X;55;0
6119;29/05/2023;SIM;26036;SIM;SIM;JUNHO;VASSIL;TRASEIRO;;;;07:00;107,5;107,5
6208;28/05/2023;NÃO;X;X;NÃO;X;X;PNEU;;;;X;1245;0
6145;27/05/2023;SIM;25748;SIM;SIM;JUNHO;ROMULO;LATERAL;;;;16:10;2357,25;2357,25
6106;26/05/2023;NÃO;X;X;NÃO;X;X;FRONTAL;;;;X;87,5;0
6017;26/05/2023;SIM;22487;SIM;SIM;MAIO;RINALDO;FRONTAL;;;;03:09;6888,47;6303,47
6049;24/05/2023;NÃO;X;NÃO;NÃO;X;X;LATERAL;;;;X;648;0
6096;24/05/2023;NÃO;X;NÃO;NÃO;X;X;LATERAL;;;;X;824;0
6146;23/05/2023;X;X;X;NÃO;X;X;LATERAL;;;;X;1039;0
6239;21/05/2023;X;X;X;NÃO;X;X;PNEU;;;;X;1245;
6099;18/05/2023;X;X;X;NÃO;X;X;PNEU;;;;X;1245;
6037;17/05/2023;X;X;X;NÃO;X;X;FRONTAL;;;;X;3056;0
6149;17/05/2023;NÃO;X;NÃO;NÃO;X;X;FRONTAL;;;;X;4836;0
6179;17/05/2023;X;X;X;NÃO;X;X;FRONTAL;;;;X;3796;0
6148;17/05/2023;X;X;X;NÃO;X;X;PNEU;;;;X;3928;
6097;17/05/2023;X;X;X;NÃO;X;X;TETO;;;;X;1219,47;0
6069;15/05/2023;NÃO;X;NÃO;NÃO;X;X;LATERAL;;;;X;796,93;0
6059;15/05/2023;SIM;26069;SIM;SIM;MAIO;VASSIL;LATERAL;;;;06:20;340;340
6159;15/05/2023;SIM;26224;SIM;SIM;MAIO;VASSIL;FRONTAL;;;;20:00;65;65
6189;14/05/2023;NÃO;X;NÃO;NÃO;X;X;FRONTAL;;;;X;1730,84;0
6056;14/05/2023;X;X;X;NÃO;X;X;PNEU;;;;X;1245;
6049;14/05/2023;NÃO;X;NÃO;NÃO;X;X;FRONTAL;;;;X;2330;0
6013;13/05/2023;X;X;X;NÃO;X;X;FRONTAL;;;;X;65;0
6097;13/05/2023;SIM;26227;SIM;SIM;JUNHO;RINALDO;PNEU;;;;16:30;2865;2865
6219;12/05/2023;NÃO;X;NÃO;NÃO;X;X;LATERAL;;;;X;240;0
CEL. 211;11/05/2023;SIM;25999;SIM;SIM;MAIO;ROMULO;CELULAR;;;;X;200;200
6209;09/05/2023;SIM;26252;SIM;SIM;MAIO;VASSIL;LATERAL;;;;02:40;195;195
6043;08/05/2023;NÃO;X;NÃO;NÃO;X;X;LATERAL;;;;X;639;0
6179;08/05/2023;NÃO;X;NÃO;NÃO;X;X;FRONTAL;;;;X;100;0
6134;08/05/2023;NÃO;X;NÃO;NÃO;X;X;TRASEIRO;;;;X;235;0
6139;08/05/2023;SIM;25869;SIM;SIM;MAIO;VASSIL;FRONTAL;;;;11:00;95;95
6244;07/05/2023;SIM;25144;SIM;SIM;MAIO;ROMULO;FRONTAL/LATERAL;;;;17:50;1400;1400
6049;07/05/2023;SIM;26255;SIM;SIM;MAIO;VASSIL;FRONTAL;;;;04:30;105;105
6045;06/05/2023;SIM;18805;SIM;SIM;MAIO;ROMULO;LATERAL;;;;X;145,5;145,5
6229;04/05/2023;X;X;X;NÃO;X;X;LATERAL;;;;X;55;0
6119;04/05/2023;X;X;X;NÃO;X;X;FRONTAL;;;;X;90;0
6016;04/05/2023;NÃO;X;NÃO;NÃO;X;X;LATERAL;;;;X;785;0
6096;02/05/2023;X;X;X;NÃO;X;X;FRONTAL;;;;X;105;0
6037;01/05/2023;SIM;25603;SIM;SIM;MAIO;ROMULO;FRONTAL;;;;03:00;130;130
6199;01/05/2023;SIM;25922;SIM;SIM;MAIO;ROMULO;FRONTAL/LATERAL;;;;X;1220;1220
6229;30/04/2023;NÃO;X;X;NÃO;X;X;PNEU;;;;X;1245;
6209;30/04/2023;SIM;26016;SIM;SIM;MAIO;ROMULO;LATERAL;;;;22:50;1293,97;1293,97
6066;29/04/2023;X;X;X;NÃO;X;X;LATERAL;;;;X;130;0
6018;28/04/2023;X;X;X;NÃO;X;X;LATERAL;;;;X;195;0
6154;27/04/2023;NÃO;X;X;NÃO;X;X;PNEU;;;;X;1245;
6134;27/04/2023;X;X;X;NÃO;X;X;TRASEIRO;;;;X;105;0
6046;27/04/2023;NÃO;X;NÃO;NÃO;X;X;FRONTAL;;;;X;2900;0
6026;25/04/2023;SIM;26060;SIM;SIM;ABRIL;ROMULO;FRONTAL;;;;X;140;140
6231;25/04/2023;NÃO;X;NÃO;NÃO;X;X;FRONTAL;;;;X;1645;0
6014;24/04/2023;NÃO;X;NÃO;NÃO;X;X;LATERAL;;;;X;370;0
6156;22/04/2023;NÃO;X;X;NÃO;X;X;PNEU;;;;X;1245;
6179;22/04/2023;NÃO;X;X;NÃO;X;X;PNEU;;;;X;1245;
6029;21/04/2023;NÃO;X;X;NÃO;X;X;PNEU;;;;X;1245;
6127;19/04/2023;SIM;26097;SIM;SIM;ABRIL;RINALDO;FRONTAL;;;;X;105;105
6115;19/04/2023;SIM;26228;SIM;SIM;ABRIL;ROMULO;FRONTAL;;;;20:50;1090;1090
6099;19/04/2023;SIM;26238;SIM;SIM;MAIO;VASSIL;FRONTAL;;;;12:00;165;165
6116;18/04/2023;SIM;23983;SIM;SIM;ABRIL;RINALDO;LATERAL;;;;X;1006,5;1006,5
6125;16/04/2023;X;X;X;NÃO;X;X;FRONTAL/LATERAL;;;;X;130;0
6209;15/04/2023;NÃO;X;NÃO;NÃO;X;X;TETO;;;;X;60;0
6224;15/04/2023;SIM;26209;SIM;SIM;ABRIL;ROMULO;FRONTAL;;;;X;112,5;112,5
6188;15/04/2023;SIM;23983;SIM;SIM;ABRIL;RINALDO;FRONTAL/LATERAL;;;;23:00;1822,4;1822,4
6178;14/04/2023;SIM;26010;NÃO;NÃO;ABRIL;ROMULO;TETO;;;;X;160;160
6037;14/04/2023;NÃO;X;NÃO;NÃO;X;X;FRONTAL;;;;X;92,5;0
6154;13/04/2023;X;X;X;NÃO;X;X;PNEU;;;;X;1245;
6069;13/04/2023;X;X;X;NÃO;X;X;PNEU;;;;X;1245;
6029;12/04/2023;SIM;26207;SIM;SIM;MAIO;VASSIL;FRONTAL;;;;15:15;80;80
6025;11/04/2023;NÃO;X;NÃO;NÃO;X;X;FRONTAL/LATERAL;;;;X;145;0
6279;11/04/2023;NÃO;X;NÃO;NÃO;X;X;LATERAL;;;;X;190;0
6134;10/04/2023;NÃO;X;NÃO;NÃO;X;X;LATERAL;;;;X;10,96;0
6172;10/04/2023;NÃO;X;NÃO;NÃO;X;X;LATERAL;;;;X;140;0
6095;09/04/2023;SIM;25628;SIM;SIM;ABRIL;LUIZ;LATERAL;;;;X;205;205
6231;07/04/2023;NÃO;X;NÃO;NÃO;X;X;FRONTAL;;;;X;60;0
6248;07/04/2023;X;X;X;NÃO;X;X;TETO;;;;X;630;0
6248;07/04/2023;SIM;18805;SIM;SIM;ABRIL;ROMULO;FRONTAL/LATERAL;;;;X;2015;2015
6142;06/04/2023;NÃO;X;NÃO;NÃO;X;X;FRONTAL;;;;X;45;0
6032;06/04/2023;SIM;26180;SIM;SIM;ABRIL;ROMULO;FRONTAL;;;;X;145;145
6219;06/04/2023;X;X;X;NÃO;X;X;LATERAL;;;;X;1765,96;0
6037;06/04/2023;SIM;25970;SIM;SIM;ABRIL;RINALDO;LATERAL;;;;X;331,15;331,15
6078;06/04/2023;NÃO;X;NÃO;NÃO;X;X;LATERAL;;;;X;115;0
6059;06/04/2023;X;X;X;NÃO;X;X;PNEU;;;;X;1245;
6028;04/04/2023;NÃO;X;NÃO;NÃO;X;X;FRONTAL;;;;X;160;0
6039;04/04/2023;SIM;26028;SIM;SIM;ABRIL;VASSIL;FRONTAL;;;;X;90;90
6023;03/04/2023;X;X;X;NÃO;X;X;PNEU;;;;X;1245;
6025;02/04/2023;X;X;X;NÃO;X;X;PNEU;;;;X;1245;
6199;02/04/2023;SIM;26036;SIM;SIM;ABRIL;VASSIL;LATERAL;;;;X;520;520
6024;01/04/2023;X;X;X;NÃO;X;X;PNEU;;;;X;1245;
6042;01/04/2023;SIM;26114;SIM;SIM;ABRIL;ROMULO;LATERAL;;;;X;255;255
6179;01/04/2023;NÃO;X;NÃO;NÃO;X;X;FRONTAL;;;;X;75;0
6214;31/03/2023;X;X;X;NÃO;X;X;TRASEIRO;;;;X;125;0
6179;31/03/2023;NÃO;X;NÃO;NÃO;X;X;FRONTAL/LATERAL;;;;X;90;0
6047;28/03/2023;SIM;24862;SIM;SIM;MARÇO;RINALDO;FRONTAL;;;;00:10;2643;2643
6068;28/03/2023;NÃO;X;NÃO;NÃO;X;X;PNEU;;;;X;1245;0
6035;27/03/2023;X;X;X;NÃO;X;X;TRASEIRO;;;;X;100;0
6048;27/03/2023;X;X;X;NÃO;X;X;TRASEIRO;;;;X;135;0
6126;27/03/2023;SIM;25892;SIM;SIM;ABRIL;ROMULO;FRONTAL;;;;X;8020;6150
6079;27/03/2023;SIM;25866;SIM;SIM;MARÇO;VASSIL;FRONTAL;;;;08:10;80;80
6109;25/03/2023;SIM;25985;SIM;SIM;MARÇO;LUIZ;FRONTAL;;;;18:00;115;115
6231;24/03/2023;X;X;X;NÃO;X;X;LATERAL;;;;X;132,5;0
6157;24/03/2023;X;X;X;NÃO;X;X;FRONTAL;;;;X;100;0
6099;24/03/2023;NÃO;X;NÃO;NÃO;X;X;FRONTAL;;;;X;195;0
6202;24/03/2023;NÃO;26016;NÃO;NÃO;X;ROMULO;FRONTAL;;;;X;1383;0
6055;24/03/2023;NÃO;X;NÃO;NÃO;X;X;PNEU;;;;X;1245;0
6058;22/03/2023;X;X;X;NÃO;X;X;FRONTAL/LATERAL;;;;X;65;0
6127;21/03/2023;SIM;25406;NÃO;NÃO;X;RINALDO;LATERAL;;;;04:10;910;0
6134;20/03/2023;X;X;X;NÃO;X;X;LATERAL;;;;X;120;120
6078;17/03/2023;SIM;23983;NÃO;NÃO;X;RINALDO;FRONTAL;;;;18:00;2377,35;0
6259;17/03/2023;SIM;25891;SIM;SIM;MARÇO;ROMULO;LATERAL;;;;X;170;170
6054;16/03/2023;NÃO;X;NÃO;NÃO;X;X;LATERAL;;;;X;225;0
6168;16/03/2023;SIM;24830;NÃO;NÃO;X;RINALDO;TRASEIRO/LATERAL;;;;19:20;11490;0
6139;14/03/2023;SIM;24686;SIM;SIM;ABRIL;RINALDO;LATERAL;;;;X;175;175
6106;13/03/2023;X;X;X;NÃO;X;X;FRONTAL;;;;X;300;0
6047;11/03/2023;X;X;X;NÃO;X;X;FRONTAL;;;;X;190;0
6098;07/03/2023;NÃO;X;NÃO;NÃO;X;X;FRONTAL;;;;X;100;0
6249;06/03/2023;SIM;25548;NÃO;NÃO;X;VASSIL;FRONTAL;;;;19:45;3872,4;0
6057;05/03/2023;NÃO;X;NÃO;NÃO;X;X;PNEU;;;;X;1245;
6014;05/03/2023;SIM;22487;NÃO;NÃO;X;RINALDO;LATERAL;;;;00:30;772;0
6079;04/03/2023;NÃO;X;NÃO;NÃO;X;X;PNEU;;;;X;1245;
6309;02/03/2023;X;X;X;NÃO;X;X;LATERAL;;;;X;563,06;0
6231;28/02/2023;SIM;21982;SIM;SIM;MARÇO;ROMULO;LATERAL;;;;X;1012,8;1012,8
6119;28/02/2023;X;X;X;NÃO;X;X;PNEU;;;;X;1245;
6047;27/02/2023;SIM;24862;NÃO;NÃO;X;RINALDO;LATERAL;;;;X;245;0
6065;27/02/2023;X;X;X;NÃO;X;X;PNEU;;;;X;1245;
6059;27/02/2023;X;X;X;NÃO;X;X;LATERAL;;;;X;110;0
6046;26/02/2023;SIM;24847;NÃO;NÃO;X;ROMULO;FRONTAL;;;;16:10;180;0
CEL. 125;25/02/2023;SIM;25862;SIM;SIM;MARÇO;ROMULO;CELULAR;;;;X;500;500
6042;24/02/2023;SIM;26171;SIM;SIM;MARÇO;ROMULO;LATERAL;;;;X;1894,07;1894,07
6079;23/02/2023;SIM;26057;NÃO;NÃO;X;VASSIL;LATERAL;;;;21:30;1589,08;0
CEL. 199;22/02/2023;SIM;25911;SIM;SIM;MARÇO;ROMULO;CELULAR;;;;X;700;700
6037;21/02/2023;SIM;23479;SIM;SIM;MARÇO;ROMULO;LATERAL;;;;X;620;620
6029;19/02/2023;X;X;X;NÃO;X;X;LATERAL;;;;X;380;0
6019;17/02/2023;X;X;X;NÃO;X;X;LATERAL;;;;X;115;0
6064;17/02/2023;SIM;25995;SIM;SIM;MARÇO;RINALDO;FRONTAL;;;;23:20;8640,47;8640,47
6047;16/02/2023;SIM;22487;SIM;SIM;FEVEREIRO;RINALDO;FRONTAL;;;;00:40;1993,5;1993,5
6025;12/02/2023;X;X;X;NÃO;X;X;LATERAL;;;;X;767;0
6202;11/02/2023;X;X;X;NÃO;X;X;PNEU;;;;X;1245;
6084;11/02/2023;X;X;X;NÃO;X;X;PNEU;;;;X;1245;
6017;10/02/2023;SIM;25682;SIM;SIM;FEVEREIRO;RINALDO;FRONTAL/LATERAL;;;;X;205;205
6219;07/02/2023;SIM;25423;NÃO;NÃO;X;VASSIL;LATERAL;;;;03:00;2582;0
6049;06/02/2023;SIM;26152;NÃO;NÃO;X;VASSIL;FRONTAL;;;;20:30;3610;0
6199;04/02/2023;X;X;X;NÃO;X;X;LATERAL;;;;X;160;0
6027;02/02/2023;X;X;X;NÃO;X;X;LATERAL;;;;X;730;0
6077;02/02/2023;SIM;24566;SIM;SIM;MAIO;LUIZ;LATERAL;;;;07:50;285;285
6108;01/02/2023;X;X;X;NÃO;X;X;TETO;;;;X;165;0
6188;31/01/2023;NÃO;X;X;NÃO;X;X;PNEU;;;;X;1245;
6025;28/01/2023;NÃO;X;X;NÃO;X;X;PNEU;;;;X;1245;
6218;27/01/2023;SIM;25089;NÃO;NÃO;X;LUIZ;LATERAL;;;;12:30;1745,5;0
6127;26/01/2023;SIM;22487;SIM;NÃO;JANEIRO;RINALDO;TRASEIRO;;;;19:25;230;230
6137;25/01/2023;SIM;22863;SIM;SIM;JANEIRO;ROMULO;FRONTAL/LATERAL;;;;X;1695;1695
6067;24/01/2023;SIM;25931;SIM;SIM;JANEIRO;ROMULO;FRONTAL;;;;X;180;150
6026;24/01/2023;SIM;26164;SIM;SIM;JANEIRO;ROMULO;FRONTAL;;;;X;180;150
6099;23/01/2023;SIM;26098;SIM;SIM;JANEIRO;VASSIL;LATERAL;;;;02:20;280;280
6149;22/01/2023;X;X;X;NÃO;X;X;PNEU;;;;X;1245;
6149;22/01/2023;SIM;26161;SIM;SIM;JANEIRO;VASSIL;FRONTAL;;;;01:10;130;130
6142;22/01/2023;SIM;25967;SIM;SIM;JANEIRO;ROMULO;FRONTAL/LATERAL;;;;X;310;310
6189;21/01/2023;SIM;25865;SIM;SIM;JANEIRO;VASSIL;FRONTAL;;;;03:20;130;130
6099;21/01/2023;SIM;26162;SIM;SIM;JANEIRO;VASSIL;FRONTAL;;;;05:30;130;130
6018;15/01/2023;X;X;X;NÃO;X;X;PNEU;;;;X;1245;
6147;13/01/2023;X;X;X;NÃO;X;X;FRONTAL;;;;X;180;0
6204;13/01/2023;X;X;X;NÃO;X;X;PNEU;;;;X;1245;
6065;11/01/2023;SIM;25874;SIM;SIM;JANEIRO;LUIZ;FRONTAL;;;;13:30;245;245
6231;11/01/2023;X;X;X;NÃO;X;X;PNEU;;;;X;1245;
6209;11/01/2023;SIM;26089;SIM;SIM;JANEIRO;VASSIL;LATERAL;;;;X;245;245
6039;10/01/2023;X;X;X;NÃO;X;X;PNEU;;;;X;1245;
6018;09/01/2023;X;X;X;NÃO;X;X;PNEU;;;;X;1210;
6074;09/01/2023;X;X;X;NÃO;X;X;PNEU;;;;X;1210;
6058;09/01/2023;X;X;X;NÃO;X;X;PNEU;;;;X;1210;
6159;09/01/2023;SIM;23896;SIM;SIM;JANEIRO;MARCIO;FRONTAL/LATERAL;;;;19:00;1120;1120
6138;08/01/2023;X;X;X;NÃO;X;X;PNEU;;;;X;1210;
6119;07/01/2023;SIM;25956;SIM;SIM;JANEIRO;ROMULO;FRONTAL;;;;20:50;9450,26;7000
6059;06/01/2023;SIM;25879;NÃO;NÃO;X;ROMULO;FRONTAL/LATERAL;;;;05:00;11490,9;0
6129;05/01/2023;SIM;25889;SIM;SIM;JANEIRO;LUIZ;LATERAL;;;;18:00;1745,48;1745,48
6046;04/01/2023;SIM;26052;SIM;NÃO;JANEIRO;LUIZ;LATERAL;;;;07:30;225;225
6079;04/01/2023;SIM;25103;SIM;SIM;JANEIRO;VASSIL;FRONTAL;;;;15:05;180;150
6095;03/01/2023;SIM;25089;SIM;SIM;JANEIRO;LUIZ;LATERAL;;;;X;1112,17;1112,17
6099;03/01/2023;SIM;25862;SIM;SIM;JANEIRO;VASSIL;TRASEIRO;;;;10:40;210;210
6269;08/01/2024;SIM;26395;NÃO;NÃO;;RINALDO;DIANTEIRO;;;;;200;0
6044;18/01/2024;SIM;26009;NÃO;NÃO;;RINALDO;DIANTEIRO;;;;;165;0
6033;28/04/2024;SIM;24993;NÃO;NÃO;;RINALDO;LATERAL;;;;;2119,2;0
6033;05/02/2024;SIM;25323;SIM;SIM;;DENIS;DIANTEIRO;;;;;2100;2100
6045;25/04/2024;SIM;26470;SIM;SIM;;RINALDO;LATERAL;;;;;1050;1050
6194;23/04/2024;NÃO;MANOBRA;NÃO;NÃO;;MANOBRA;LATERAL;;;;;130;0
6053;22/04/2024;SIM;25600;NÃO;NÃO;;DENIS;DIANTEIRO;;;;;3238;0
6112;12/02/2024;SIM;21883;NÃO;NÃO;;RINALDO;LATERAL;;;;;1061;0
6089;16/04/2024;NÃO;MANOBRA;NÃO;NÃO;;MANOBRA;LATERAL;;;;;160;0
6124;15/04/2024;SIM;26187;SIM;SIM;;LUIZ;LATERAL;;;;;1403,43;1403,43
6023;24/02/2024;SIM;25082;NÃO;NÃO;;LUIZ;DIANTEIRO;;;;;2615,53;2615,53
6047;10/04/2024;SIM;26380;NÃO;NÃO;;DENIS;LATERAL;;;;;1834,63;0
6049;08/04/2024;SIM;26404;SIM;SIM;;RINALDO;LATERAL;;;;;85;85
6115;11/03/2024;SIM;23944;SIM;SIM;;LUIZ;DIANTEIRO;;;;;5000;5000
6136;05/04/2024;NÃO;-;NÃO;NÃO;;-;TRASEIRO;;;;;150;0
6254;18/03/2024;SIM;24582;SIM;SIM;;FABIO;DIANTEIRO;;;;;2484,9;2484,9
6045;04/04/2024;NÃO;-;NÃO;NÃO;;-;DIANTEIRO;;;;;95;0
6093;03/04/2024;SIM;26364;SIM;SIM;;DENIS;DIANTEIRO;;;;;95;95
6048;02/04/2024;NÃO;-;NÃO;NÃO;;-;LATERAL;;;;;135;0
6049;01/04/2024;SIM;25504;NÃO;NÃO;;LUIZ;LATERAL;;;;;839,3;0
6249;28/03/2024;;-;X;NÃO;X;-;TRASEIRO;;;;;1185;0
6024;28/03/2024;SIM;26060;SIM;SIM;;RINALDO;LATERAL;;;;;1195;1195
6073;26/03/2024;SIM;26221;SIM;SIM;;RINALDO;TRASEIRO;;;;;400;400
6079;25/03/2024;SIM;22875;SIM;SIM;;LUIZ;DIANTEIRO;;;;;80;80
6067;24/03/2024;SIM;MANOBRA;NÃO;NÃO;;CARGA;LATERAL;;;;;2629,86;0
6134;22/03/2024;X;-;X;NÃO;X;-;DIANTEIRO;;;;;195;0
6093;22/03/2024;SIM;25698;SIM;SIM;;LUIZ;DIANTEIRO;;;;;95;95
6264;21/03/2024;X;-;X;NÃO;X;-;LATERAL;;;;;2551,93;0
6107;04/04/2024;SIM;25974;SIM;SIM;;RINALDO;TRASEIRO;;;;;165;165
6137;15/03/2024;SIM;25688;SIM;SIM;;LUIZ;DIANTEIRO;;;;;160;160
6254;15/03/2024;;-;X;NÃO;X;-;LATERAL;;;;;630,07;0
6033;12/03/2024;;-;X;NÃO;X;-;DIANTEIRO;;;;;95;0
6159;06/04/2024;SIM;26275;SIM;SIM;;DENIS;TRASEIRO;;;;;110;110
6029;05/03/2024;X;-;X;NÃO;X;-;LATERAL;;;;;1697;0
6039;01/03/2024;X;-;X;NÃO;X;-;DIANTEIRO;;;;;397,9;0
6094;01/03/2024;X;-;X;NÃO;X;-;TRASEIRO;;;;;3550,31;0
6064;28/02/2024;X;-;X;NÃO;X;X;TRASEIRO;;;;;130;0
6159;26/02/2024;X;-;X;NÃO;X;X;DIANTEIRO;;;;;110;0
6279;25/02/2024;X;-;X;NÃO;X;X;TRASEIRO;;;;;2363,85;0
6059;23/01/2024;SIM;26430;NÃO;NÃO;NÃO;DENIS;DIANTEIRO;;;;;5751;0
6083;23/02/2024;SIM;26238;SIM;SIM;;FABIO;LATERAL;;;;;215;215
6239;21/02/2024;X;-;X;NÃO;X;X;LATERAL;;;;;1827,64;0
6043;20/02/2024;X;-;X;NÃO;X;X;LATERAL;;;;;637;0
6219;16/02/2024;X;-;X;NÃO;X;X;TRASEIRO;;;;;1851;0
6169;16/02/2024;X;-;X;NÃO;X;X;LATERAL;;;;;3761;0
6076;12/04/2024;SIM;26459;SIM;SIM;;RINALDO;LATERAL;;;;;979,87;979,87
6093;14/02/2024;X;-;X;NÃO;X;X;LATERAL;;;;;1680,2;0
6047;12/02/2024;X;-;X;NÃO;X;X;DIANTEIRO;;;;;95;0
6034;09/02/2024;X;-;X;NÃO;X;X;TRASEIRO;;;;;80;0
6122;09/02/2024;X;-;X;NÃO;X;X;LATERAL;;;;;943;0
6159;09/01/2024;SIM;26275;NÃO;NÃO;;DENIS;LATERAL;;;;;10252;0
6026;05/02/2024;SIM;26366;SIM;SIM;;RINALDO;DIANTEIRO;;;;;673;673
6299;30/01/2024;X;-;X;NÃO;X;X;DIANTEIRO;;;;;360;0
6107;30/01/2024;X;-;X;NÃO;X;X;TRASEIRO;;;;;245;0
6037;29/01/2024;X;-;X;NÃO;X;X;DIANTEIRO;;;;;2834,9;0
6088;29/01/2024;X;-;X;NÃO;X;X;DIANTEIRO;;;;;245;0
6069;24/01/2024;X;-;X;NÃO;X;X;DIANTEIRO;;;;;230;0
6119;24/01/2024;X;-;X;NÃO;X;X;DIANTEIRO;;;;;165;0
6085;23/01/2024;X;-;X;NÃO;X;X;DIANTEIRO;;;;;165;0
6096;23/01/2024;X;-;X;NÃO;X;X;DIANTEIRO;;;;;230;0
6158;20/04/2024;SIM;25970;SIM;SIM;;DENIS;TRASEIRO;;;;;595;595
6174;22/01/2024;X;-;X;NÃO;X;X;DIANTEIRO;;;;;180;0
6079;19/01/2024;X;-;X;NÃO;X;X;DIANTEIRO;;;;;230;0
6146;28/04/2024;SIM;26203;NÃO;NÃO;;RINALDO;LATERAL;;;;;315;0
6169;17/01/2024;SIM;26356;SIM;SIM;;DENIS;DIANTEIRO;;;;;230;230
6155;17/01/2024;SIM;23623;SIM;SIM;;LUIZ;DIANTEIRO;;;;;1233;1233
6229;16/01/2024;X;-;X;NÃO;X;X;DIANTEIRO;;;;;1171;0
6157;16/01/2024;SIM;26287;SIM;SIM;;DENIS;LATERAL;;;;;12825;12825
6269;15/01/2024;SIM;21982;SIM;SIM;;RINALDO;DIANTEIRO;;;;;3375;3375
6174;14/01/2024;X;-;X;NÃO;X;X;LATERAL;;;;;245;0
6053;13/01/2024;X;-;X;NÃO;X;X;DIANTEIRO;;;;;115;0
6067;13/01/2024;X;-;X;NÃO;X;X;DIANTEIRO;;;;;1171;0
6019;12/01/2024;X;-;X;NÃO;X;X;DIANTEIRO;;;;;200;0
6019;12/01/2024;X;-;X;NÃO;X;X;DIANTEIRO;;;;;215;0
6158;11/01/2024;X;-;X;NÃO;X;X;DIANTEIRO;;;;;1156;0
6067;11/01/2024;;-;X;NÃO;X;X;DIANTEIRO;;;;;345;0
6147;10/01/2024;X;-;X;NÃO;X;X;DIANTEIRO;;;;;400;0
6159;30/04/2024;SIM;26275;SIM;SIM;;DENIS;LATERAL;;;;;1613,75;1613,75
6103;30/04/2024;SIM;22875;SIM;SIM;;LUIZ;LATERAL;;;;;754,2;754,2
6063;08/01/2024;X;-;X;NÃO;X;X;DIANTEIRO;;;;;719;0
6116;07/01/2024;X;-;X;NÃO;X;X;DIANTEIRO;;;;;300;0
6189;06/01/2024;X;-;X;NÃO;X;X;LATERAL;;;;;334;0
6064;06/01/2024;SIM;26060;NÃO;NÃO;;RINALDO;DIANTEIRO;;;;;6984,62;0
6309;04/01/2024;X;-;X;NÃO;X;X;DIANTEIRO;;;;;230;0
6079;04/01/2024;X;-;X;NÃO;X;X;DIANTEIRO;;;;;245;0
6049;02/01/2024;X;-;X;NÃO;X;X;DIANTEIRO;;;;;330;0
6054;04/05/2024;SIM;26009;SIM;SIM;;RINALDO;DIANTEIRO;;;;;115;115
6169;05/05/2024;SIM;26361;NÃO;NÃO;;DENIS;LATERAL;;;;;645;0
6055;09/05/2024;SIM;25748;NÃO;NÃO;;RINALDO;DIANTEIRO;;;;;1485;0
6017;12/05/2024;NÃO;-;NÃO;NÃO;;-;;;;;;650;0
6106;12/05/2024;NÃO;-;NÃO;NÃO;;-;;;;;;650;0
6299;13/05/2024;NÃO;-;NÃO;NÃO;;-;;;;;;650;0
6259;14/05/2024;NÃO;-;NÃO;NÃO;;-;;;;;;650;0
6037;17/05/2024;SIM;25697;SIM;SIM;;LUIZ;DIANTEIRO;;;;;3225;3225
6334;20/05/2024;SIM;26254;SIM;SIM;;FÁBIO;DIANTEIRO;;;;;3995;3995
6117;22/05/2024;SIM;23476;SIM;SIM;;LUIZ;DIANTEIRO;;;;;70;70
6044;22/05/2024;SIM;26463;SIM;SIM;;RINALDO;DIANTEIRO;;;;;95;95
6259;23/05/2024;SIM;24436;SIM;SIM;;DENIS;DIANTEIRO;;;;;95;95
6069;23/05/2024;SIM;25989;SIM;SIM;;RINALDO;LATERAL;;;;;95;95
6289;24/05/2024;NÃO;;NÃO;NÃO;;;;;;;;1632,64;0
6096;28/05/2024;SIM;26203;SIM;SIM;;RINALDO;DIANTEIRO;;;;;95;95
6314;30/05/2024;SIM;26158;SIM;DESLIGADO;;FÁBIO;FRONTAL;;;;;4065;4065
6344;30/05/2024;NÃO;;NÃO;NÃO;;;;;;;;1183;0
6046;04/06/2024;SIM;26134;NÃO;NÃO;;RINALDO;LATERAL;;;;;3400;0
6048;04/06/2024;SIM;25892;NÃO;NÃO;;RINALDO;TRASEIRO;;;;;9918;0
6109;03/06/2024;NÃO;;NÃO;NÃO;;;PNEU RECAPADO;;;;;650;0
6139;05/06/2024;NÃO;;NÃO;NÃO;;;PNEU RECAPADO;;;;;650;0
6219;05/06/2024;NÃO;;NÃO;NÃO;;;PNEU RECAPADO;;;;;650;0
6097;07/06/2024;NÃO;;NÃO;NÃO;;;PNEU RECAPADO;;;;;650;0
6107;07/06/2024;NÃO;;NÃO;NÃO;;;PNEU RECAPADO;;;;;650;0
6069;07/06/2024;SIM;26375;NÃO;NÃO;;LUIZ;DIANTEIRO;;;;;245;0
6036;07/06/2024;NÃO;;NÃO;NÃO;;;;;;;;130;0
6149;08/06/2024;NÃO;;NÃO;NÃO;;;;;;;;230;230
6199;08/06/2024;SIM;26491;SIM;SIM;;DENIS;FRONTAL;;;;;1103,16;1103,16
6136;08/06/2024;NÃO;;NÃO;NÃO;;;PNEU RECAPADO;;;;;650;0
6248;07/06/2024;NÃO;;NÃO;NÃO;;;PNEU RECAPADO;;;;;650;0
6259;06/06/2024;SIM;26237;SIM;SIM;;RINALDO;FRONTAL;;;;;3600;3600
6068;09/06/2024;SIM;26477;NÃO;NÃO;;RINALDO;FRONTAL;;;;;100;0
6033;10/06/2024;SIM;24993;NÃO;NÃO;;RINALDO;FRONTAL;;;;;8214,98;0
6249;11/06/2024;SIM;26249;NÃO;NÃO;;RINALDO;LATERAL;;;;;2523;0
6169;11/06/2024;NÃO;MANOBRA;NÃO;NÃO;;;LATERAL;;;;;790;0
6284;09/06/2024;SIM;26253;SIM;SIM;;FÁBIO;LATERAL;;;;;4371,6;4371,6
6189;16/06/2024;SIM;25448;SIM;SIM;;FÁBIO;LATERAL;;;;;2590;2590
6075;16/06/2024;NÃO;;NÃO;NÃO;;;;;;;;180;0
6234;18/06/2024;SIM;26318;SIM;SIM;;RINALDO;DIANTEIRO;;;;;478,9;478,9
6119;18/06/2024;SIM;26354;NÃO;NÃO;;RINALDO;FRONTAL;;;;;634;0
6016;18/06/2024;SIM;26479;NÃO;NÃO;;RINALDO;LATERAL;;;;;2026,9;0
6208;15/06/2024;SIM;25920;SIM;SIM;JULHO;RINALDO;FRONTAL;;;;;7002;7002
6189;20/06/2024;SIM;26172;SIM;SIM;;RINALDO;LATERAL;;;;;100;100
6037;23/06/2024;NÃO;;NÃO;NÃO;;;;;;;;260;0
6079;23/06/2024;NÃO;;NÃO;NÃO;;;;;;;;638,94;0
6019;23/06/2024;SIM;25490;SIM;SIM;;RINALDO;LATERAL;;;;;771;771
6172;24/06/2024;NÃO;;NÃO;NÃO;;;;;;;;1548,94;0
6037;24/06/2024;NÃO;;NÃO;NÃO;;;;;;;;80;0
6075;24/06/2024;SIM;26357;SIM;SIM;;DENIS;DIANTEIRO;;;;;6612,7;6612,7
6284;21/06/2024;NÃO;;NÃO;NÃO;;;PNEU RECAPADO;;;;;650;0
6025;23/06/2024;NÃO;;NÃO;NÃO;;;PNEU RECAPADO;;;;;650;0
6037;25/06/2024;NÃO;;NÃO;NÃO;;;PNEU RECAPADO;;;;;650;0
6095;25/06/2024;NÃO;;NÃO;NÃO;;;PNEU RECAPADO;;;;;650;0
6132;25/06/2024;NÃO;;NÃO;NÃO;;;PNEU NOVO;;;;;1365;0
6294;09/06/2024;SIM;25103;NÃO;NÃO;;FABIO;LATERAL;;;;;1699,6;0
6028;27/06/2024;SIM;26468;NÃO;NÃO;;RINALDO;TRASEIRO;;;;;180;0
6147;29/06/2024;SIM;26483;SIM;SIM;;DENIS;DIANTEIRO;;;;;80;80
6079;28/06/2024;NÃO;;NÃO;NÃO;;;DIANTEIRO;;;;;110;0
6099;02/07/2024;SIM;26024;SIM;SIM;;DENIS;DIANTEIRO;;;;;2600;2600
6079;02/07/2024;SIM;25209;SIM;SIM;;LUIZ;DIANTEIRO;;;;;120;120
6079;03/07/2024;SIM;26187;NÃO;NÃO;;LUIZ;LATERAL;;;;;1220;0
6115;04/07/2024;NÃO;;NÃO;NÃO;;;;;;;;1115;0
6048;08/07/2024;;;;;;;PNEU RECAPADO;;;;;650;0
6139;05/07/2024;SIM;26385;SIM;SIM;;RINALDO;LATERAL;;;;;105;105
6129;09/07/2024;;;;;;;PNEU RECAPADO;;;;;665;0
6055;10/07/2024;SIM;26016;SIM;SIM;;RINALDO;FRONTAL;;;;;115;115
6037;10/07/2024;SIM;26384;NÃO;NÃO;;DENIS;LATERAL;;;;;936,86;0
6017;11/07/2024;SIM;26221;SIM;SIM;;RINALDO;FRONTAL;;;;;115;115
6019;10/07/2024;SIM;26406;NÃO;NÃO;;LUIZ;LATERAL;;;;;6173,8;0
6126;14/07/2024;SIM;26507;NÃO;NÃO;;RINALDO;LATERAL;;;;;887,5;0
6244;15/07/2024;SIM;26520;SIM;SIM;;RINALDO;TRASEIRO;;;;;1729,1;1729,1
6224;15/07/2024;SIM;26357;SIM;SIM;;DENIS;TRASEIRO;;;;;1104,57;1104,57
6284;18/07/2024;;;;;;;PNEU RECAPADO;;;;;650;0
6149;18/07/2024;SIM;25928;NÃO;NÃO;;DENIS;FRONTAL;;;;;200;0
6018;20/07/2024;;;;;;;PNEU RECAPADO;;;;;650;0
6289;21/07/2024;;;;;;;PNEU RECAPADO;;;;;650;0
6168;22/07/2024;SIM;21982;SIM;SIM;;RINALDO;FRONTAL;;;;;2020;2020
6117;22/07/2024;SIM;25928;NÃO;NÃO;;DENIS;LATERAL;;;;;1460;0
6189;22/07/2024;SIM;26354;NÃO;NÃO;;RINALDO;LATERAL;;;;;1177,58;0
6299;22/07/2024;SIM;26213;SIM;SIM;;LUIZ;LATERAL;;;;;215;215
6099;20/07/2024;NÃO;;NÃO;NÃO;;;;;;;;215;0
6239;23/07/2024;SIM;23119;SIM;SIM;;DENIS;FRONTAL;;;;;3822,73;3822,73
6078;25/07/2024;SIM;23944;SIM;SIM;;LUIZ;FRONTAL;;;;;510;510
6284;25/07/2024;SIM;25866;NÃO;NÃO;;FABIO;LATERAL;;;;;2638,98;0
6249;26/07/2024;SIM;26373;NÃO;NÃO;;DENIS;LATERAL;;;;;1136,46;0
6083;26/07/2024;SIM;24582;SIM;SIM;;FABIO;FRONTAL;;;;;105;105
6096;31/07/2024;NÃO;;NÃO;NÃO;;;PNEU RECAPADO;;;;;650;0
6109;31/07/2024;NÃO;;NÃO;NÃO;;;PNEU RECAPADO;;;;;650;0
6018;27/07/2024;SIM;26491;NÃO;SIM;;DENIS;FRONTAL;;;;;2340;0
6093;29/07/2024;NÃO;;NÃO;NÃO;;;PNEU RECAPADO;;;;;650;0
6249;01/08/2024;SIM;26030;NÃO;NÃO;;RINALDO;FRONTAL;;;;;4367;0
6073;02/08/2024;SIM;26059;SIM;SIM;;LUIZ;LATERAL;;;;;2580;2580,01
6056;04/08/2024;SIM;21883;NÃO;NÃO;;RINALDO;LATERAL;;;;;1042;0
6078;05/08/2024;SIM;26024;SIM;SIM;;DENIS;FRONTAL;;;;;6007,7;6007,7
6239;07/08/2024;SIM;26358;NÃO;NÃO;;DENIS;LATERAL;;;;;235,53;0
6046;09/08/2024;NÃO;;NÃO;NÃO;;;;;;;;80;0
6132;12/08/2024;NÃO;;NÃO;NÃO;;;;;;;;253;0
6259;13/08/2024;SIM;26318;NÃO;NÃO;;RINALDO;LATERAL;;;;;2652,96;0
6079;13/08/2024;SIM;26502;SIM;SIM;;RINALDO;DIANTEIRO;;;;;135;135
6078;15/08/2024;SIM;25215;SIM;SIM;;LUIZ;FRONTAL;;;;;2736,19;2736,19
6116;19/08/2024;SIM;26409;NÃO;NÃO;;RINALDO;LATERAL;;;;;1057;0
6147;19/08/2024;SIM;26380;SIM;SIM;;DENIS;FRONTAL;;;;;3473;3473,01
6128;21/08/2024;SIM;25985;NÃO;NÃO;;LUIZ;LATERAL;;;;;1754,5;0
6063;21/08/2024;SIM;26235;SIM;SIM;;DENIS;LATERAL;;;;;1246;1246
6209;22/08/2024;SIM;25989;SIM;SIM;;RINALDO;LATERAL;;;;;115;115
6107;25/08/2024;SIM;MANOBRA DA CARGA;NÃO;NÃO;;CARGA;TRASEIRA;;;;;135;0
6147;22/08/2024;SIM;26380;NÃO;NÃO;;DENIS;TRASEIRA;;;;;95;0
6057;25/08/2024;NAO;NÃO;NÃO;NÃO;;;TRASEIRA;;;;;115;0
6069;27/08/2024;SIM;26235;SIM;SIM;;DENIS;DIANTEIRO;;;;;265;265
6033;27/08/2024;NAO;NÃO;NÃO;NÃO;;;LATERAL;;;;;125;0
6124;27/08/2024;SIM;26221;NÃO;NÃO;;RINALDO;DIANTEIRO;;;;;1415;0
6045;29/08/2024;SIM;26399;SIM;SIM;;RINALDO;DIANTEIRO;;;;;2995;2995
6054;31/08/2024;SIM;26510;SIM;SIM;;RINALDO;LATERAL;;;;;1739,45;1739,45
6119;02/09/2024;NÃO;NÃO;NÃO;NÃO;;;DIANTEIRO;;;;;215;0
6098;02/09/2024;SIM;25985;NÃO;NÃO;;LUIZ;LATERAL;;;;;195;0
6035;05/09/2024;SIM;26523;NÃO;NÃO;;LUIZ;LATERAL;;;;;1215;0
6034;10/09/2024;NÃO;NÃO;NÃO;NÃO;;;DIANTEIRO;;;;;165;0
6083;07/09/2024;SIM;24785;SIM;SIM;;FABIO;DIANTEIRO;;;;;4108,58;4108,58
6116;10/09/2024;NÃO;NÃO;NÃO;NÃO;;;TRASEIRA;;;;;115;0
6132;17/09/2024;SIM;26509;SIM;NÃO;;RINALDO;LATERAL;;;;;2128;2128
6063;17/09/2024;SIM;25973;SIM;SIM;;DENIS;DIANTEIRO;;;;;4457;4457
6024;21/09/2024;NÃO;NÃO;NÃO;NÃO;;;LATERAL;;;;;115;0
6234;21/09/2024;NÃO;NÃO;NÃO;NÃO;;;LATERAL;;;;;115;0
6038;21/09/2024;SIM;26463;SIM;SIM;;RINALDO;LATERAL;;;;;3997,19;3997,19
6068;22/09/2024;SIM;25684;NÃO;NÃO;;LUIZ;LATERAL;;;;;2825,98;0
2222;23/09/2024;SIM;26134;SIM;SIM;;RINALDO;LATERAL;;;;;115;115
6057;23/09/2024;SIM;26213;SIM;SIM;;LUIZ;DIANTEIRO;;;;;195;195
6157;21/09/2024;NÃO;NÃO;NÃO;NÃO;;;LATERAL;;;;;4713,38;0
6044;24/09/2024;NÃO;NÃO;NÃO;NÃO;;;LATERAL;;;;;650;0
6035;25/09/2024;NÃO;25925;NÃO;NÃO;;LUIZ;LATERAL;;;;;400;0
6314;03/09/2024;SIM;26207;NÃO;NÃO;;PEDRO;INTERNO;;;;;15000;0
6059;07/09/2024;SIM;26404;NÃO;NÃO;;RINALDO;INTERNO;;;;;70763,36;0
6078;19/09/2024;NÃO;;;NÃO;;;PNEU;;;;;665;0
6304;20/09/2024;NÃO;;;NÃO;;;PNEU;;;;;665;0
6062;23/09/2024;NÃO;;;NÃO;;;PNEU;;;;;665;0
6048;26/09/2024;NÃO;;;NÃO;;;PNEU;;;;;665;0
6029;27/09/2024;NÃO;;;NÃO;;;PNEU;;;;;665;0
6274;29/09/2024;SIM;Manobra;NÃO;NÃO;;MANUTENÇÃO;DIANTEIRO;;;;;1370;0
6018;29/09/2024;SIM;22875;SIM;NÃO;;LUIZ;LATERAL;;;;;1666,89;1666,89
6139;29/09/2024;SIM;Manobra;NÃO;NÃO;;MANUTENÇÃO;LATERAL;;;;;3205,95;0
6156;29/09/2024;SIM;Manobra;NÃO;NÃO;;MANUTENÇÃO;TRASEIRA;;;;;2132;0
6309;30/09/2024;NÃO;;;NÃO;;;PNEU;;;;;665;0
6049;30/09/2024;SIM;26203;SIM;NÃO;;RINALDO;INTERNA;;;;;200;200
6199;11/09/2024;SIM;26097;SIM;NÃO;;DENIS;PNEU;;;;;665;665
6254;30/09/2024;NÃO;;;NÃO;;;LATERAL;;;;;665;0
6179;30/09/2024;NÃO;;;NÃO;;;LATERAL;;;;;1369,57;0
6038;06/10/2024;SIM;26480;SIM;SIM;;RINALDO;LATERAL;;;;;120;120
6054;06/10/2024;SIM;26379;NÃO;;;DENIS;PNEU;;;;;665;0
6208;03/10/2024;NÃO;-;;;;-;PNEU;;;;;665;0
6224;04/10/2024;NÃO;-;;;;;CUSTO DE SERVIÇO;;;;;1429,59;0
6093;06/10/2024;NÃO;-;;;;-;PNEU;;;;;665;0
6099;02/10/2024;SIM;22863;SIM;SIM;;RINALDO;LATERAL;;;;;85;85
6145;12/10/2024;NÃO;;;;;;LATERAL;;;;;1390;0
6139;11/10/2024;SIM;25716;SIM;SIM;;LUIZ;LATERAL;;;;;1305;1305
6219;14/10/2024;NÃO;-;;;;-;PNEU;;;;;2405;0
6109;10/10/2024;NÃO;-;;;;-;PNEU;;;;;665;0
6139;17/10/2024;SIM;25700;SIM;SIM;;LUIZ;LATERAL;;;;;95;95
6087;19/10/2024;NÃO;-;;;;-;PNEU;;;;;710;0
6108;21/10/2024;NÃO;-;;;;-;PNEU;;;;;710;0
6033;22/10/2024;NÃO;-;;;;-;PNEU;;;;;710;0
6129;23/10/2024;SIM;26406;SIM;NÃO;;LUIZ;LATERAL;;;;;915;915
6117;23/10/2024;SIM;26091;SIM;NÃO;;PEDRO;LATERAL;;;;;1515;1515
6324;23/10/2024;SIM;26356;SIM;SIM;;DENIS;LATERAL;;;;;3395;3395
6208;24/10/2024;NÃO;-;;;;-;PNEU;;;;;695;0
6249;25/10/2024;NÃO;-;;;;-;PNEU;;;;;695;0
6043;25/10/2024;NÃO;-;;;;-;PNEU;;;;;695;0
6099;26/10/2024;SIM;MANOBRA;;;;-;LATERAL;;;;;1177;0
6078;29/10/2024;SIM;25990;SIM;SIM;;RINALDO;FRONTAL;;;;;200;200
6314;31/10/2024;SIM;26519;NÃO;;;PEDRO;PNEU;;;;;695;0
6127;01/11/2024;;;;;;;PNEU;;;;;695;0
6018;02/11/2024;;;;;;;PNEU;;;;;695;0
6054;02/11/2024;;;;;;;PNEU;;;;;695;0
6144;05/11/2024;SIM;22875;SIM;SIM;;LUIZ;LATERAL;;;;;365;365
6314;05/11/2024;;;;;;;PNEU;;;;;695;0
6138;08/11/2024;;;;;;;PNEU;;;;;710;0
6279;09/11/2024;;;;;;;PNEU;;;;;710;0
6269;11/11/2024;SIM;23119;SIM;SIM;;DENIS;FRONTAL;;;;;1815;1815
6074;12/11/2024;SIM;26482;NÃO;;;RINALDO;LATERAL;;;;;1136,46;0
6199;12/11/2024;SIM;25323;SIM;SIM;;DENIS;LATERAL;;;;;1323;1323
6127;13/11/2024;SIM;26287;SIM;SIM;;DENIS;LATERAL;;;;;1993,09;1993,09
6058;13/11/2024;SIM;26612;SIM;SIM;;DENIS;FRONTAL;;;;;2032;2032
6314;15/11/2024;;;;;;;PNEU;;;;;1188,3;0
6057;16/11/2024;;;;;;;PNEU;;;;;710;0
2262;16/11/2024;;;;;;;LATERAL;;;;;85;0
6059;16/11/2024;SIM;26375;NÃO;;;LUIZ;FRONTAL;;;;;95;0
6025;18/11/2024;;;;;;;PNEU;;;;;710;0
6018;18/11/2024;SIM;26537;SIM;SIM;45642;RINALDO;FRONTAL;;;;;95;95
6219;19/11/2024;SIM;25293;NÃO;;;RINALDO;LATERAL;;;;;1465;0
6269;19/11/2024;;;;;;;LATERAL;;;;;115;0
6088;21/11/2024;SIM;18805;NÃO;;;RINALDO;LATERAL;;;;;125;0
6208;19/11/2024;-;-;;;;;PNEU;;;;;710;0
6083;20/11/2024;-;-;;;;;PNEU;;;;;710;0
6269;20/11/2024;-;-;;;;;PNEU;;;;;710;0
6299;20/11/2024;-;-;;;;;PNEU;;;;;710;0
6034;22/11/2024;SIM;26595;SIM;SIM;;;TRASEIRA;;;;;125;125
6069;22/11/2024;;-;;;;;LATERAL;;;;;105;0
6159;22/11/2024;SIM;26237;NÃO;;;;LATERAL;;;;;525,85;0
6024;23/11/2024;;-;;;;;LATERAL;;;;;135;0
6259;25/11/2024;;-;;;;;LATERAL;;;;;3602,66;0
6109;25/11/2024;SIM;26428;NÃO;;;;DIANTEIRO;;;;;95;0
2212;26/11/2024;;-;;;;;LATERAL;;;;;47;0
2252;23/11/2024;SIM;26132;NÃO;;;;FRONTAL;;;;;2330;0
6228;26/11/2024;SIM;26590;NÃO;;;;LATERAL;;;;;175;0
6155;26/11/2024;SIM;26211;SIM;SIM;;;FRONTAL;;;;;1951;1951
6254;27/11/2024;SIM;26316;NÃO;;;;LATERAL;;;;;3630,66;0
6229;28/11/2024;SIM;24436;NÃO;;;;LATERAL;;;;;195;0
6157;28/11/2024;SIM;26380;NÃO;;;;LATERAL;;;;;675,18;0
6119;13/11/2024;;;;;;;PNEU;;;;;710;0
6083;19/11/2024;;;;;;;PNEU;;;;;710;0
6299;21/11/2024;;;;;;;PNEU;;;;;710;0
6058;22/11/2024;;;;;;;PNEU;;;;;710;0
6269;22/11/2024;;;;;;;PNEU;;;;;710;0
6259;23/11/2024;;;;;;;PNEU;;;;;710;0
6129;23/11/2024;;;;;;;PNEU;;;;;710;0
6035;25/11/2024;;;;;;;PNEU;;;;;710;0
6025;27/11/2024;;;;;;;PNEU;;;;;710;0
6149;29/11/2024;SIM;26626;DESLIGADO;;;;PNEU;;;;;5104;DESLIGADO
6159;30/11/2024;SIM;26275;NÃO;;;;PNEU;;;;;3392;0
6254;30/11/2024;SIM;26238;SIM;SIM;;;PNEU;;;;;2420;2420
6083;19/11/2024;;-;;;;;INTERNO;;;;;768,29;0
6099;19/11/2024;;-;;;;;INTERNO;;;;;553,29;0
6119;19/11/2024;;-;;;;;INTERNO;;;;;553,29;0
6067;01/12/2024;;;;;;;;;;;;710;0
6127;01/12/2024;SIM;25899;NÃO;NÃO;;LUIZ;;;;;;905;0
6149;02/12/2024;SIM;26626;DESLIGADO;NÃO;;LUIZ;;;;;;13787,59;0
6034;02/12/2024;SIM;26595;SIM;SIM;;RINALDO;;;;;;105;0
6063;02/12/2024;SIM;26276;SIM;SIM;;DENIS;;;;;;115;115
6159;02/12/2024;SIM;26275;SIM;SIM;;DENIS;;;;;;2515;2515
6137;02/12/2024;;;;;;;;;;;;710;0
6055;03/12/2024;;;;;;;;;;;;710;0
6039;06/12/2024;SIM;26262;NÃO;NÃO;;DENIS;;;;;;729;0
6057;05/12/2024;;;;;;;;;;;;710;0
6099;06/12/2024;;;;;;;;;;;;710;0
6125;07/12/2024;;;;;;;;;;;;710;0
6138;08/12/2024;;;;;;;;;;;;710;0
6043;10/12/2024;;;;;;;;;;;;710;0
6137;13/12/2024;SIM;26380;NÃO;NÃO;;DENIS;;;;;;1713,09;0
6038;13/12/2024;;;;;;;;;;;;710;0
6129;14/12/2024;SIM;25628;SIM;SIM;;LUIZ;;;;;;135;135
6125;16/12/2024;;;;;;;;;;;;710;0
6026;16/12/2024;;;;;;;;;;;;710;0
6069;16/12/2024;SIM;26091;SIM;SIM;;PEDRO;;;;;;195;195
6157;16/12/2024;SIM;26536;SIM;SIM;;RINALDO;;;;;;492;492
6157;18/12/2024;;-;;;;;;;;;;1603;0
6145;19/12/2024;SIM;25905;SIM;SIM;;RINALDO;;;;;;135;135
6117;23/12/2024;SIM;26030;SIM;SIM;;RINALDO;;;;;;135;135
6049;23/12/2024;SIM;26477;SIM;SIM;;RINALDO;;;;;;165;165
6199;23/12/2024;SIM;26377;SIM;SIM;;LUIZ;;;;;;6203;0
2319;26/12/2024;SIM;FREELANCER;NÃO;NÃO;;RINALDO;;;;;;215;0
6058;26/12/2024;SIM;25735;SIM;SIM;;RINALDO;;;;;;200;200
6099;26/12/2024;NÃO;-;;;;;;;;;;556,42;0
6137;26/12/2024;NÃO;-;;;;;;;;;;556,42;0
6204;27/12/2024;NÃO;-;;;;;;;;;;710;0
6068;29/12/2024;NÃO;-;;;;;;;;;;710;0
6015;29/12/2024;NÃO;-;;;;;;;;;;710;0
6179;29/12/2024;NÃO;-;;;;;;;;;;2420;0
6106;29/12/2024;NÃO;-;;;;;;;;;;710;0
6156;30/12/2024;NÃO;-;;;;;;;;;;710;0
6073;05/01/2025;NÃO;-;;-;;-;PNEU;;;;;710;0
6058;06/01/2025;NÃO;-;-;-;-;-;PNEU;;;;-;710;0
6334;07/01/2025;NÃO;-;-;-;-;-;PNEU;;;;-;710;0
6083;07/01/2025;SIM;26590;NÃO;NÃO;-;LUIZ;LATERAL;;;;-;785;0
6169;08/01/2025;NÃO;-;-;-;-;-;PNEU;;;;-;710;0
6289;09/01/2025;NÃO;-;-;-;-;-;PNEU;;;;-;710;0
6264;10/01/2025;NÃO;-;-;-;-;-;PNEU;;;;-;710;0
6037;11/01/2025;NÃO;-;-;-;-;-;PNEU;;;;-;710;0
6029;12/01/2025;NÃO;-;-;-;-;-;PNEU;;;;-;710;0
6128;13/01/2025;NÃO;-;-;-;-;-;PNEU;;;;-;710;0
6036;14/01/2025;NÃO;-;-;-;-;-;PNEU;;;;-;710;0
6038;11/01/2025;NÃO;-;-;-;-;-;PNEU;;;;-;710;0
6126;17/01/2025;NÃO;-;-;-;-;-;PNEU;;;;-;710;0
6017;17/01/2025;NÃO;-;-;-;-;-;PNEU;;;;-;710;0
6103;19/01/2025;NÃO;-;-;-;-;-;LATERAL;;;;-;265;0
6097;21/01/2025;NÃO;-;-;-;-;-;PNEU;;;;-;710;0
6116;21/01/2025;SIM;26409;SIM;SIM;-;MÁRIO;LATERAL;;;;-;115;115
6074;22/01/2025;SIM;26102;SIM;SIM;-;MATHEUS;DIANTEIRO;;;;-;165;165
6148;22/01/2025;SIM;25293;SIM;NÃO;-;MÁRIO;LATERAL;;;;-;7430,7;7430,7
6145;23/01/2025;SIM;26505;SIM;SIM;-;MÁRIO;LATERAL;;;;-;215;215
6284;25/01/2025;SIM;26476;SIM;SIM;-;PEDRO;LATERAL;;;;-;2045,35;2045,35
6149;27/01/2025;SIM;25899;SIM;SIM;-;LUIZ;TRASEIRO;;;;-;115;115
6259;25/01/2025;NÃO;-;-;-;-;-;PNEU;;;;-;710;0
6137;03/01/2025;NÃO;-;-;-;-;-;AMORTECEDOR DIANTEIRO DD;;;;-;1539,91;0
6137;06/01/2025;NÃO;-;-;-;-;-;AMORTECEDOR DIANTEIRO DD;;;;-;1539,91;0
6129;07/01/2025;NÃO;-;-;-;-;-;AMORTECEDOR DIANTEIRO DD;;;;-;1539,91;0
6159;09/01/2025;NÃO;-;-;-;-;-;AMORTECEDOR DIANTEIRO DD;;;;-;1539,91;0
6017;15/01/2025;NÃO;-;-;-;-;-;AMORTECEDOR DIANTEIRO DD;;;;-;1539,91;0
6129;15/01/2025;NÃO;-;-;-;-;-;AMORTECEDOR DIANTEIRO DD;;;;-;1539,91;0
6149;14/01/2025;NÃO;-;-;-;-;-;REBOQUE, KIT DE EMBREAGEM COMPLETO;;;;-;7941,15;0
6114;17/01/2025;NÃO;-;-;-;-;-;COLAR DE EMBREAGEM;;;;-;795,3;0
6109;21/01/2025;NÃO;-;-;-;-;-;COLAR DE EMBREAGEM;;;;-;795,3;0
6039;29/01/2025;NÃO;-;-;-;-;-;DIANTEIRO;;;;-;80;0
6116;29/01/2025;NÃO;-;-;-;-;-;PNEU;;;;-;710;0
6057;29/01/2025;NÃO;-;-;-;-;-;LATERAL;;;;-;2559,53;0
6056;31/01/2025;NÃO;-;-;-;-;-;PNEU;;;;-;710;0
6344;30/01/2025;NÃO;-;-;-;-;-;LATERAL;;;;-;1025;1025
6049;10/01/2025;SIM;26428;SIM;NÃO;-;MÁRIO;LATERAL;;;;-;34297,03;7000
6304;28/01/2025;SIM;MACÂNICO;SIM;NÃO;-;ANDERSON;LATERAL;;;;-;1465;1465
2232;28/01/2025;SIM;MECÂNICO;SIM;NÃO;-;ANDERSON;TRASEIRO;;;;-;215;215
6204;13/01/2025;NÃO;-;-;-;-;-;COLAR DE EMBREAGEM;;;;-;795,3;0
6259;01/02/2025;NÃO;-;-;-;-;-;PNEU;;;;-;2420;0
6137;01/02/2025;NÃO;-;-;-;-;-;PNEU;;;;-;710;0
6105;02/02/2025;NÃO;-;-;-;-;-;PNEU;;;;-;710;0
6146;03/02/2025;NÃO;-;-;-;-;-;PNEU;;;;-;710;0
6284;04/02/2025;SIM;26615;SIM;SIM;-;PEDRO;PNEU;;;;-;710;710
6057;09/02/2025;NÃO;-;-;-;-;-;PNEU;;;;-;710;0
6019;10/02/2025;NÃO;-;-;-;-;-;PNEU;;;;-;1405;0
6018;11/02/2025;NÃO;-;-;-;-;-;PNEU;;;;-;710;0
6137;13/02/2025;NÃO;-;-;-;-;-;PNEU;;;;-;710;0
6089;15/02/2025;NÃO;-;-;-;-;-;PNEU;;;;-;710;0
6019;15/02/2025;NÃO;-;-;-;-;-;02 AMORTECEDORES DIANTEIRO DD;;;;-;3079,82;0
6127;05/02/2025;NÃO;-;-;-;-;-;02 AMORTECEDORES DIANTEIRO DD;;;;-;3079,82;0
6039;12/02/2025;SIM;26421;SIM;NÃO;-;LUIZ;LATERAL;;;;-;215;215
6149;14/02/2025;SIM;25985;SIM;NÃO;-;LUIZ;LATERAL;;;;-;2029,9;2029,9
6059;15/02/2025;NÃO;-;;-;-;-;LATERAL;;;;-;787;0
6248;19/02/2025;SIM;25576;NÃO;NÃO;-;MATHEUS;LATERAL;;;;-;2127;0
6025;19/02/2025;SIM;26502;NÃO;NÃO;-;MÁRIO;LATERAL;;;;-;825;0
6114;24/02/2025;NÃO;-;;-;;;COLAR DE EMBREAGEM;;;;-;831,95;0
6076;24/02/2025;NÃO;-;;-;;;COLAR DE EMBREAGEM;;;;-;831,95;0
6198;24/02/2025;NÃO;-;;-;;;COLAR DE EMBREAGEM;;;;-;831,95;0
6073;23/02/2025;SIM;26593;SIM;NÃO;;LUIZ;LATERAL;;;;-;215;215
6137;25/02/2025;SIM;26432;;;;MÁRIO;LATERAL;;;;-;2295;0
6249;27/02/2025;SIM;24510;SIM;SIM;;MATHEUS;LATERAL;;;;-;1136,46;1136,46
6108;05/02/2025;SIM;25861;SIM;SIM;;PEDRO;LATERAL;;;;-;6191,98;6191,98
6136;24/02/2025;NÃO;-;;;;;LATERAL;;;;-;2505;0
6029;28/02/2025;SIM;26410;SM;NÃO;;MÁRIO;TRASEIRO;;;;-;1822,46;1822,46
6088;06/02/2025;SIM;25973;NÃO;NÃO;;MATHEUS;PNEU;;;;-;705;0
6156;01/03/2025;NÃO;-;;;;;PNEU;;;;-;710;0
6037;06/03/2025;NÃO;-;;;;;PNEU;;;;-;710;0
6059;06/03/2025;SIM;25902;NÃO;;;LUIZ;LATERAL;;;;-;815;0
6033;08/03/2025;NÃO;-;;;;;PNEU;;;;-;710;0
6244;10/03/2025;NÃO;-;;;;;DIANTEIRO;;;;-;135;0
6139;10/03/2025;SIM;25504;SIM;NÃO;;LUIZ;PNEU;;;;-;4147,96;4147,96
6279;05/03/2025;SIM;26614;SIM;NÃO;;PEDRO;LATERAL;;;;-;3359;3359
6057;19/03/2025;NÃO;-;;;;;COLAR DE EMBREAGEM;;;;-;831,95;0
6079;14/03/2025;NÃO;-;;;;;DIANTEIRO;;;;-;85;0
6109;14/03/2025;SIM;26459;SIM;NÃO;;MÁRIO;LATERAL;;;;-;1246;1246
6199;18/03/2025;SIM;26364;;;;MÁRIO;PNEU;;;;-;2789;0
6219;18/03/2025;NÃO;-;;-;;;LATERAL;;;;-;165;0
6083;19/03/2025;NÃO;-;;-;;;DIANTEIRO;;;;-;75;0
6129;20/03/2025;NÃO;-;;-;;;DIANTEIRO;;;;-;155;0
6018;20/03/2025;NÃO;-;;-;;;DIANTEIRO;;;;-;415;0
6059;20/03/2025;SIM;26198;NÃO;-;;LUIZ;PNEU;;;;-;710;0
6189;21/03/2025;SIM;25628;NÃO;-;;LUIZ;PNEU;;;;-;710;0
6136;25/03/2025;SIM;20908;SIM;NÃO;;MÁRIO;LATERAL;;;;-;1645;1645
6049;27/03/2025;NÃO;-;;-;;;DIANTEIRO;;;;-;95;0
6158;27/032025;SIM;25899;SIM;NÃO;;LUIZ;LATERAL;;;;-;2870;2870
6105;29/03/2025;SIM;25887;NÃO;-;;LUIZ;COLAR DE EMBREAGEM;;;;-;831,95;0
6028;31/03/2025;SIM;24840;NÃO;-;;LUIZ;COLAR DE EMBREAGEM;;;;-;831,95;0
6129;29/03/2025;SIM;26601;NÃO;-;;MÁRIO;PNEU;;;;-;710;0
6067;31/03/2025;SIM;26030;NÃO;-;;MÁRIO;PNEU;;;;-;710;0
6194;31/03/2025;NÃO;-;;-;;;DIANTEIRO;;;;-;95;0
6139;29/03/2025;SIM;25697;SIM;NÃO;;MÁRIO;DIANTEIRO;;;;-;215;215
6069;29/03/2025;SIM;25323;SIM;NÃO;;MATHEUS;DIANTEIRO;;;;-;1715;1715
2242;31/03/2025;SIM;26502;NÃO;-;;MÁRIO;EMBREAGEM BAIXA KM;;;;-;2200;0
6309;25/03/2025;SIM;26684;NÃO;-;;MÁRIO;MOTOR;;;;-;40916,75;0
6229;01/04/2025;NÃO;MECÂNICO;NÃO;-;;MARCO;PNEU;;;;-;710;0
6254;03/04/2025;SIM;26498;SIM;NÃO;;PEDRO;LATERAL;;;;-;4970;4970
6034;04/04/2025;SIM;26459;SIM;NÃO;;MÁRIO;TRASEIRO;;;;-;115;115
6018;04/04/2025;SIM;26230;NÃO;-;;PEDRO;BOLSA DE AR;;;;-;8631,78;0
6028;07/04/2025;SIM;26511;NÃO;-;;MÁRIO;COLAR DE EMBREAGEM;;;;-;831,95;0
6209;08/04/2025;NÃO;-;-;-;;-;LATERAL;;;;-;100;0
6279;10/04/2025;NÃO;-;-;-;;-;DIANTEIRO;;;;-;90;0
6139;10/04/2025;NÃO;CARGA;-;-;;-;DIANTEIRO;;;;-;1298,15;0
6045;13/04/2025;SIM;26203;NÃO;-;;MÁRIO;PNEU;;;;-;710;0
6209;13/04/2025;NÃO;-;-;-;;-;TRASEIRO;;;;-;115;0
6194;15/04/2025;SIM;25964;NÃO;-;;MATHEUS;BOLSA DE AR;;;;-;830;0
6279;17/04/2025;NÃO;CARGA;-;-;;;LATERAL;;;;-;1163;0
6076;18/04/2025;NÃO;-;-;-;;;LATERAL;;;;-;365;0
6204;19/04/2025;SIM;25748;;-;;MÁRIO;LATERAL;;;;-;783;0
6089;23/04/2025;NÃO;-;-;-;;;LATERAL;;;;-;827;0
6039;23/04/2025;NÃO;-;-;-;;;DIANTEIRO;;;;-;95;0
6169;28/04/2025;SIM;26710;SIM;NÃO;;MATHEUS;LATERAL;;;;-;2148,9;2148,9
6198;28/04/2025;SIM;26595;SIM;NÃO;;MÁRIO;LATERAL;;;;-;552;552
6083;14/04/2025;NÃO;-;-;-;;-;PNEU;;;;-;710;0
6075;15/04/2025;NÃO;-;-;-;;-;PNEU;;;;-;710;0
6239;15/04/2025;NÃO;-;-;-;;-;PNEU;;;;-;710;0
6054;20/04/2025;NÃO;-;-;-;;-;PNEU;;;;-;710;0
6107;21/04/2025;NÃO;-;-;-;;-;PNEU;;;;-;710;0
6039;21/04/2025;NÃO;-;-;-;;-;PNEU;;;;-;710;0
6188;24/04/2025;NÃO;-;-;-;;-;PNEU;;;;-;710;0
6075;29/04/2025;NÃO;-;-;-;;-;PNEU;;;;-;710;0
6274;05/05/2025;-;-;-;-;MAIO;-;PNEU;;;;-;710;0
6038;08/05/2025;-;-;-;-;MAIO;-;PNEU;;;;-;710;0
6069;12/05/2025;-;-;-;-;MAIO;-;PNEU;;;;-;710;0
6155;15/05/2025;-;-;-;-;MAIO;-;PNEU;;;;-;710;0
6139;08/05/2025;SIM;25970;-;-;MAIO;-;LATERAL;;;;-;95;0
6129;08/05/2025;SIM;26432;SIM;NÃO;MAIO;MÁRIO;FRONTAL;;;;-;805;805
6096;09/05/2025;SIM;25892;SIM;NÃO;MAIO;MÁRIO;LATERAL;;;;-;95;95
6098;19/05/2025;-;-;-;-;MAIO;-;PNEU;;;;-;710;0
6158;19/05/2025;-;-;-;-;MAIO;-;PNEU;;;;-;710;0
6079;20/05/2025;-;-;-;-;MAIO;-;PNEU;;;;-;710;0
6085;20/05/2025;-;-;-;-;MAIO;-;PNEU;;;;-;710;0
6124;08/05/2025;-;-;-;-;MAIO;-;TACOGRAFO;;;;-;2400;0
6324;13/05/2025;-;-;-;-;MAIO;-;PARAFUSOS;;;;-;70;0
6239;19/05/2025;SIM;26675;;;MAIO;LUIZ;TRASEIRO;;;;-;4634;0
6035;21/05/2025;SIM;26198;SIM;NÃO;MAIO;LUIZ;LATERAL;;;;-;844,97;844,97
6224;20/05/2025;SIM;25984;SIM;NÃO;MAIO;LUIZ;TRASEIRO;;;;-;135;135
6304;19/05/2025;SIM;26102;SIM;NÃO;MAIO;MATHEUS;FRONTAL;;;;-;6415;6415
6018;05/05/2025;-;-;;;MAIO;;AR CONDICIONADO;;;;-;498,23;0
6098;19/05/2025;-;-;;;MAIO;;PNEU;;;;-;710;0
6079;20/05/2025;-;-;;;MAIO;;PNEU;;;;-;710;0
6079;24/05/2025;-;-;;;MAIO;;PNEU;;;;-;710;0
6085;26/05/2025;-;-;;;MAIO;;PNEU;;;;-;710;0
6269;27/05/2025;-;-;;;MAIO;;PNEU;;;;-;710;0
6219;28/05/2025;-;-;;;MAIO;;PNEU;;;;-;710;0
6076;30/05/2025;-;-;;;MAIO;;PNEU;;;;-;710;0
6043;31/05/2025;-;-;;;MAIO;;PNEU;;;;-;710;0
6309;28/05/2025;SIM;26660;SIM;NÃO;MAIO;PEDRO;LATERAL;;;;-;6986,6;6986,6
2252;04/06/2025;NÃO;;;;JUNHO;;REPARAÇÃO NA PARTE INFERIOR DO LADO DIREITO;;;;-;130;0
6259;10/06/2025;NÃO;;;;JUNHO;;REPARAÇÃO DE AVARIA NO CURVÃO FRONTAL L.D;;;;-;195;0
6089;02/06/2025;NÃO;;;;JUNHO;;PNEU RECAPADO;;;;-;710;0
6129;02/06/2025;NÃO;;;;JUNHO;;PNEU RECAPADO;;;;-;710;0
6057;06/06/2025;NÃO;;;;JUNHO;;PNEU RECAPADO;;;;-;710;0
6194;11/06/2025;NÃO;;;;JUNHO;;PNEU RECAPADO;;;;-;710;0
6228;13/06/2025;NÃO;;;;JUNHO;;PLACA DIANTEIRA / REPARO NO PARACHOQUE DIANTEIRO;;;;-;330;0
6017;15/06/2025;NÃO;;;;JUNHO;;RECUPERAÇÃO DO PARACHOQUE DIANTEIRO;;;;-;210;0
6136;16/06/2025;NÃO;;;;JUNHO;;REPARAÇÃO NO PARACHOQUE DIANTEIRO L.E;;;;-;110;0
6138;18/06/2025;SIM;26475;NÃO;;JUNHO;Luiz;REPARAÇÃO NO PARACHOQUE TRASEIRO;;;;-;110;0
6103;19/06/2025;SIM;26735;SIM;SIM;JUNHO;Luiz;REPARO NO RETROVISOR L.D;;;;-;120;120
6178;20/06/2025;SIM;26102;SIM;SIM;JUNHO;Matheus;FAROL L.E / REPARAÇÃO DA GRADE E PARACHOQUE FRONTAL;;;;-;1180;1180
6067;20/06/2025;NÃO;;;;JUNHO;;PNEU RECAPADO;;;;-;710;0
6039;13/06/2025;NÃO;;;;JUNHO;;PARABRISA L.D / PARABRISA L.E / RECUPERAÇÃO DA AVARIA FRONTAL/ FAROL L.E;;;;-;3830;0
2222;13/06/2025;NÃO;;;;JUNHO;;SERVIÇO DE MOLAS;;;;-;2893;0
2272;13/06/2025;NÃO;;;;JUNHO;;SERVIÇO DE MOLAS;;;;-;1003;0
6304;20/06/2025;NÃO;;;;JUNHO;;"QUEBRA DA BARRA DE REAÇÃO "" SUPENSÃO TRASEIRA"" (SLU) / PNEU NOVO";;;;-;2594;0
6107;25/06/2025;NÃO;;;;JUNHO;;PNEU RECAPADO;;;;-;710;0
6037;24/06/2025;NÃO;;;;JUNHO;;PNEU RECAPADO;;;;-;710;0
6027;20/06/2025;SIM;25984;NÃO;;JUNHO;Luiz;ÚLTIMA JANELA SUPERIOR L.E;;;;-;1888,04;0
6068;24/06/2025;NÃO;;;;JUNHO;;REPARAÇÃO NO RETORIVSOR L.E;;;;-;95;0
6309;24/06/2025;NÃO;;;;JUNHO;;FAROL L.D / REPARAÇÃO NO PARACHOQUE DIANTEIRO L.D;;;;-;1978,33;0
6169;22/06/2025;SIM;26511;NÃO;;JUNHO;Mário;VIDRO PORTAL CENTRAL;;;;-;673;0
6324;25/06/2025;NÃO;;;;JUNHO;;VIDRO PORTAL CENTRAL / VIDRO INFERIOR L.D;;;;-;2373,5;0
6314;20/06/2025;SIM;26093;SIM;SIM;JUNHO;Matheus;PARABRISA L.D / PARABRISA L.E / RECUPERAÇÃO DA AVARIA FRONTAL/ MOTOR DO LIMPADOR L.E/ VALVULA DISTRIBUIÇÃO PNEUMATICA FRONTAL BUSSCA;;;;-;9105,97;9105,97
6304;29/06/2025;SIM;26164;NÃO;;JUNHO;Matheus;BARRA DE REAÇÃO SUSPENSÃO TRASEIRA / PNEU NOVO / RODA DE FERRO / GUINCHO (SLU);;;;-;9679,48;0
6239;21/06/2025;NÃO;;;;JUNHO;;AVARIADO O TETO / SERPETINA E MOTORES DO EVAPORADOR/TELA DE PROTEÇÃO DANIFICADOS;;;;-;7308,52;0
6289;24/06/2025;NÃO;;;;JUNHO;;AVARIA NA PARTE SUPERIOR DO AR CONDICIONADO / SERVIÇO DE AR CONDICIONADO;;;;-;4927,72;0
6039;26/06/2025;NÃO;;;;JUNHO;;TANQUE DE COMBUSTÍVEL AVARIADO;;;;-;1235;0
6109;01/07/2025;NÃO;;;;JULHO;;GARFO,02 CRUZETA,CONJUNTO PONTUVA E LUVEIRA,TUBO P/CARDAN,04 ABRAÇADEIRA;;;;-;7246,16;0
6179;01/07/2025;NÃO;;;;JULHO;;SUPORTE / AMORTECEDOR DIANTEIRO;;;;-;7896,99;0
6119;01/07/2025;NÃO;;;;JULHO;;SUPORTE / AMORTECEDOR DIANTEIRO;;;;-;7896,99;0
6059;03/07/2025;NÃO;;;;JULHO;;VIDRO PORTA ACESSIBILIDADE;;;;-;575,5;0
6103;03/07/2025;NÃO;;;;JULHO;;PNEU RECAPADO;;;;-;710;0
6259;04/07/2025;NÃO;;;;JULHO;;PNEU RECAPADO;;;;-;710;0
6087;04/07/2025;NÃO;;;;JULHO;;FAROL LD,FAROL NEBLINA LD,ACABAMENTO DO NEBLINA LD,REPARAÇÃO DE AVARIA FRONTAL;;;;-;1567;0
6218;15/07/2025;SIM;26654;SIM;SIM;JULHO;Mário;REPARAÇÃO DE AVARIA NO CURVÃO FRONTAL LE( PARA-CHOQUE E CHAPA) APLIQUE DO FAROL LE;;;;-;281,67;281,67
6194;15/07/2025;NÃO;;;;JULHO;;REPARAÇÃO DE AVARIA NA TAMPA TRASEIRA E PARA-CHOQUE TRASEIRO;;;;-;315;0
6015;17/07/2025;NÃO;;;;JULHO;;BOLSA DE AR AUXILIAR L/D;;;;-;875;0
6209;17/07/2025;NÃO;;;;JULHO;;RECUPERAÇÃO SUPORTE DO AMORTECEDOR AUXILIAR L/D;;;;-;2020;0
6149;17/07/2025;NÃO;;;;JULHO;;RECUPERAÇÃO SUPORTE DO AMORTECEDOR AUXILIAR L/E;;;;-;2020;0
6165;17/07/2025;SIM;26488;SIM;SIM;JULHO;Wendel;RECUPERAÇÃO DO RETROVISOR LD,LENTE SUPERIOR DO RETROVISOR LD,LENTE INFERIOR DO RETROVISOR LD;;;;-;1481,35;1481,35
6309;17/07/2025;NÃO;26066;;;JULHO;Wendel;1° VIDRO DE JANELA LD;;;;-;3108;0
6194;21/07/2025;NÃO;;;;JULHO;;REPARAÇÃO DE AVARIA NA TAMPA (CAPÔ) DO MOTOR E PARA-CHOQUE TRASEIRO;;;;-;365;0
6033;21/07/2025;NÃO;;;;JULHO;Jarbas;3° VIDRO DE JANELA SUPERIOR LD;;;;-;1139;0
6083;21/07/2025;NÃO;;;;JULHO;;REPARAÇÃO DE AVARIA NO LADO DIREITO (PORTA ACESSIBILIDADE E CAIXA DE RODA TRASEIRA);;;;-;195;0
6083;19/07/2025;NÃO;;;;JULHO;;PNEU NOVO 50% (SLU );;;;-;1207;0
6053;29/07/2025;NÃO;;;;JULHO;;RECUPERAÇÃO DA TAMPA DO PRIMEIRO MALEIRO LE, DOBRADIÇA DO MALEIRO LD, DOBRADIÇA DO MALEIRO LD;;;;-;1200,44;0
6129;29/07/2025;NÃO;;;;JULHO;;VIDRO POS MALEIRO LD;;;;-;779;0
6199;29/07/2025;SIM;25984;SIM;;JULHO;Luiz;REPARAÇÃO DE AVARIA NO PARA-CHOQUE DIANTEIRO;;;;-;105;105
2222;30/07/2025;NÃO;;;;JULHO;;REPARAÇÃO DE AVARIA NO PARA-CHOQUE DIANTEIRO E PORTINHOLA ABAIXO DA JANELA DO MOTORISTA;;;;-;165;0
6344;31/07/2025;SIM;25916;SIM;SIM;JULHO;Mário;REPARAÇÃO DE AVARIA NO RETROVISOR LD;;;;-;135;135
6157;01/08/2025;NÃO;-;-;-;AGOSTO;-;PNEU RECAPADO;;;;-;710;0
6238;03/08/2025;NÃO;-;-;-;AGOSTO;-;PNEU RECAPADO;;;;-;710;0
6028;04/08/2025;NÃO;-;-;-;AGOSTO;-;RECUPERAÇÃO DA TAMPA DOS CONDENSADORES NO TETO;;;;-;115;0
6189;04/08/2025;SIM;26287;SIM;NÃO;AGOSTO;Matheus;RECUPERAÇÃO DO RETROVISOR LE;;;;-;165;165
6279;04/08/2025;SIM;26428;AGUARDANDO O LAUDO;NÃO;AGOSTO;Mário;GARFO, 02 CRUZETA, CONJUNTO PONTUVA E LUVEIRA, TUBO P/CARDAN, 04 ABRAÇADEIRA;;;;-;10926,16;0
6078;07/08/2025;SIM;26181;SIM;SIM;AGOSTO;Luiz;RECUPERAÇÃO DO RETROVISOR LD;;;;-;115;115
2222;07/08/2025;NÃO;-;-;NÃO;AGOSTO;-;02 MOLA PATIM FREIO DIANT, MOLA 5 DIANT, MOLA 6 DIANT, MOLA 2 REFORÇO DIANT, MOLA 3 DIANT, MOLA 4 DIANT, 04 PORCA SEXT, PARAFUSO CENTRO DIANT;;;;-;1516,6;0
6199;08/08/2025;SIM;26606;SIM;NÃO;AGOSTO;Mário;REPARO DE AVARIA NO PARA-CHOQUE DIANTEIRO LD;;;;-;95;95
6089;08/08/2025;SIM;26537;SIM;NÃO;AGOSTO;Mário;VIDRO SOBRE JANELA DO MOTORISTA, VIDRO MOLDURA JANELA DO MOTORISRTA, RECUPERAÇÃO DO RETROVISOR LE E PARA-CHOQUE DIANTEIRO LE, REPARAÇÃO NO PRINCIPIO DE INCÊNDIO NA TRASEIRA, PLACA TRASEIRA;;;;-;2751,63;2751,63
6125;10/08/2025;SIM;26536;SIM;NÃO;AGOSTO;Mário;RECUPERAÇÃO DO PARA-CHOQUE DIANTEIRO;;;;-;215;215
6029;13/08/2025;SIM;26672;SIM;NÃO;AGOSTO;Mário;5° VIDRO JANELA SUPERIOR LE, 6° VIDRO JANELA SUPERIOR LE, REPARAÇÃO DE AVARIA NA CHAPA LATERAL LE;;;;-;2124;2124
6188;14/08/2025;NÃO;-;-;-;AGOSTO;-;PNEU RECAPADO;;;;-;710;0
6119;14/08/2025;SIM;26491;SIM;SIM;AGOSTO;Jarbas;RECUPERAÇÃO DA PORTA DA CABINE, VIDRO MOLDURA DA PORTA;;;;-;1700;1700
6158;15/08/2025;NÃO;-;-;-;AGOSTO;-;REPARAÇÃO DE AVARIA NO TETO;;;;-;115;0
6239;16/08/2025;SIM;26656;SIM;NÃO;AGOSTO;Mário;VIDRO SOBRE RETROVISOR LD;;;;-;1683;1683
6089;08/08/2025;SIM;26668;SIM;SIM;AGOSTO;Matheus;REPARAÇÃO NO PRINCIPIO DE INCÊNDIO NA TRASEIRA, PLACA TRASEIRA;;;;-;430;430
6083;15/08/2025;NÃO;-;-;-;AGOSTO;-;PARA-BRISA LD, PARA-BRISA LE;;;;-;1515;0
6054;18/08/2025;NÃO;-;-;-;AGOSTO;-;PNEU RECAPADO;;;;-;710;0
6314;19/08/2025;NÃO;-;-;-;AGOSTO;-;PNEU RECAPADO;;;;-;710;0
6058;19/08/2025;NÃO;-;-;-;AGOSTO;-;PNEU RECAPADO;;;;-;710;0
6265;22/08/2025;SIM;26609;SIM;NÃO;AGOSTO;Mário;REPARAÇÃO NA CHAPA INFERIOR LD;;;;-;105;105
6063;21/08/2025;NÃO;-;-;-;AGOSTO;-;PNEU RECAPADO;;;;-;710;0
6208;23/08/2025;NÃO;-;-;-;AGOSTO;-;PNEU RECAPADO;;;;-;710;0
6099;24/08/2025;SIM;26428;SIM;NÃO;AGOSTO;Mário;RECUPERAÇÃO DO PARA-CHOQUE DIANTEIRO;;;;-;215;0
6056;26/08/2025;NÃO;-;-;-;AGOSTO;-;PNEU NOVO ( 31% DE BORRACHA );;;;-;760;0
6079;26/08/2025;SIM;26258;SIM;NÃO;AGOSTO;Luiz;PNEU NOVO ( 50% DE BORRACHA );;;;-;1207;0
6165;28/08/2025;SIM;26316;SIM;NÃO;AGOSTO;Wendel;LANTERNA LATERAL 1° L/E ( PROXIMO A JANELA DO MOTORISTA;;;;-;126,33;0
6205;29/08/2025;SIM;26239;NÃO;-;AGOSTO;Mário;REPARAÇÃO NA LATERAL LE, LANTERNA LATERAL LE ( 03 UNI ), LANTERNA CORUJINHA LATERAL LE;;;;-;1912,78;0
6039;30/08/2025;SIM;26753;SIM;SIM;AGOSTO;Jarbas;PARA-BRISA LD, REPARAÇÃO DE AVARIA FRONTAL;;;;-;1065;1065
6295;01/09/2025;SIM;26660;SIM;SIM;OUTUBRO;WENDEL;REPARAÇÃO NO RETROVISOR LE, LENTE DO RETROVISOR LE (SUPERIOR);;;;-;197;197
6136;01/09/2025;SIM;26198;SIM;SIM;OUTUBRO;LUIZ;2° VIDRO DE JANELA LE, JANELA VENTAROLA 2° ( JANELA LE );;;;-;2281;2281
6355;03/09/2025;SIM;26239;SIM;SIM;OUTUBRO;MARIO;REPARAÇÃO NO PARA-CHOQUE DIANTEIRO LE;;;;-;135;135
6109;05/09/2025;SIM;26090;NÃO;NÃO;;MATHEUS;REPARAÇÃO DO PARA-CHOQUE DIANTEIRO LE,PARA-BRISA LE;;;;-;865;0
6165;08/09/2025;SIM;26230;NÃO;NÃO;;WENDEL;VIDRO DE JANELA LE;;;;-;1277,92;0
6119;09/09/2025;NÃO;-;-;-;;-;REPARAÇÃO DE AVARIA NA PARTE INFERIOR LD;;;;-;165;0
6159;07/09/2025;NÃO;-;-;-;;-;PNEU RECAPADO;;;;-;710;0
6155;10/09/2025;NÃO;-;-;-;;-;PNEU RECAPADO;;;;-;710;0
6079;11/09/2025;SIM;25990;SIM;SIM;SETEMBRO;MARIO;PARA-CHOQUE DIANTEIRO;;;;-;2214,8;2214,8
6099;11/09/2025;SIM;26377;SIM;SIM;SETEMBRO;JARBAS;RECUPERAÇÃO DO RETROVISOR LD, LENTE RETROVISOR LD;;;;-;282,1;282
6239;12/09/2025;NÃO;-;-;-;;-;PNEU NOVO, RODA NOVA;;;;-;3049;0
6189;12/09/2025;NÃO;-;-;-;;-;PNEU NOVO, RODA DE ALUMINIO;;;;-;3841,5;0
6107;15/09/2025;NÃO;-;-;-;;-;PNEU NOVO, RODA DE ALUMINIO;;;;-;3841,5;0
6117;15/09/2025;NÃO;-;-;-;;-;PNEU NOVO, RODA DE ALUMINIO;;;;-;3841,5;0
6208;18/09/2025;SIM;26653;SIM;SIM;OUTUBRO;MARIO;5° JANELA LE, 6° JANELA LE;;;;-;1506;1506
6238;22/09/2025;SIM;24144;SIM;NÃO;;MARIO;VIDRO INFERIOR JANELA DO MOTORISTA, ACABAMENTO DO FAROL LE, RECUPERAÇÃO DO RETROVISOR LE;;;;-;672,19;672,19
6324;24/09/2025;SIM;26316;SIM;NÃO;;WENDEL;ULTIMO VIDRO SUPERIOR LD, REPARAÇÃO NO CURVÃO TRASEIRO E ARCO DA RODA TRASEIRA LD;;;;-;1450;1450
6229;24/09/2025;SIM;25748;SIM;SIM;OUTUBRO;MARIO;RECUPERAÇÃO DO RETROVISOR LE, LENTE RETROVISOR LE;;;;-;254;254
6304;25/09/2025;SIM;26238 / 26597;SIM;NÃO;;WENDEL;RETROVISOR LD;;;;-;5115;5115
6034;25/09/2025;SIM;26832;-;NÃO;;MARIO;PARA-BRISA LD, PARA-BRISA LE, BORRACHA PARA-BRISA, RECUPERAÇÃO DAS ESTRUTURAS ACABAMENTOS E PARA-CHOQUE FRONTAL;;;;-;3574,64;0
6027;29/09/2025;SIM;25996;NÃO;NÃO;;WENDEL;ULTIMA JANELA SUPERIOR LE, REPARAÇÃO DE AVARIA NA CHAPA LE;;;;-;1966,04;0
6285;30/09/2025;NÃO;-;-;-;;-;ULTIMA JANELA INFERIOR LD;;;;-;1270,59;0
6093;30/09/2025;NÃO;-;-;-;;-;REPARAÇÃO DE AVARIA NO PARA-CHOQUE DIANTEIRO E PORTA;;;;-;95;0
6097;01/10/2025;SIM;MANOBRA;SIM;-;;PROLOG;REPARAÇÃO DE AVARIA NO PARACHQOUE TRASEIRO L.E;;;;-;130;0
6259;05/10/2025;SIM;26736;SIM;NÃO;;MARIO;VIDRO SOBRE RETROVISOR L.E, TIARA SUPERIOR L.E;;;;-;2672;0
6159;07/10/2025;;-;-;-;;-;PNEU RECAPADO;;;;-;710;0
6016;07/10/2025;;-;-;-;;-;REPARAÇÃO DE AVARIA PROXIMO A CAIXA DE RODA TRASEIRA L.E;;;;-;150;0
6145;08/10/2025;;-;-;-;;-;PNEU RECAPADO;;;;-;710;0
6127;09/10/2025;;-;-;-;;-;PNEU NOVO;;;;-;1207;0
6324;09/10/2025;SIM;26068;SIM;SIM;OUTUBRO;WENDEL;"VIDRO INFERIOR L.E "" AVARIA FEITA NO SETOR DE SÃO LUÍS """;;;;-;2101;2101
6159;11/10/2025;;-;-;-;;-;PNEU RECAPADO;;;;-;710;0
6198;16/10/2025;SIM;26094;NÃO;NÃO;;MARIO;FAROL L.D / REPARAÇÃO DE AVARIA FRONTAL L.D / PARABRISA L.D;;;;-;2580;0
6284;10/10/2025;;-;-;-;;-;PNEU RECAPADO;;;;-;710;0
6093;14/10/2025;;-;-;-;;-;PNEU RECAPADO;;;;-;710;0
6044;18/10/2025;;-;-;-;;-;PNEU RECAPADO;;;;-;710;0
6324;20/10/2025;;-;-;-;;-;PNEU NOVO;;;;-;2399;0
6139;21/10/2025;SIM;21982;SIM;NÃO;;MARIO;REPARAÇÃO DE AVARIA NO PARACHQOUE DIANTEIRO;;;;-;110;0
6335;22/10/2025;SIM;26399;SIM;SIM;OUTUBRO;MARIO;RECUPERAÇÃO DO PARACHOQUE DIANTEIRO L.E;;;;-;180;180
6016;22/10/2025;;-;-;-;;-;PNEU RECAPADO;;;;-;710;0
6255;22/10/2025;;-;-;-;;-;PNEU NOVO;;;;-;2399;0
6238;22/10/2025;SIM;25293;SIM;SIM;OUTUBRO;MARIO;RETOQUE NA PORTINHOLA;;;;-;100;100
2212;23/10/2025;;-;-;-;;-;"VALVULA REGULADORA "" BOMBA DE COMBUSTÍVEL""";;;;-;1165;0
6058;01/11/2025;SIM;25144;SIM;NÃO;;MÁRIO;PENÚLTIMA JANELA L.D;;;;-;868;0
6264;02/11/2025;NÃO;-;-;-;;-;"PNEU NOVO "" FILIAL SÃO LUÍS """;;;;-;2399;0
6063;04/11/2025;NÃO;-;-;-;;-;PNEU RECAPADO;;;;-;710;0
6093;06/11/2025;NÃO;-;-;-;;-;PNEU RECAPADO;;;;-;710;0
6294;06/11/2025;NÃO;-;-;-;;-;PNEU RECAPADO;;;;-;710;0
6228;06/11/2025;NÃO;-;-;-;;-;PNEU RECAPADO;;;;-;710;0
6195;06/11/2025;SIM;26376;NÃO;-;;MÁRIO;4° JANELA SUPEIOR L.D / APOIO INFERIOR DA JANELA;;;;-;1284,92;0
6119;08/11/2025;SIM;26769;NÃO;-;;MÁRIO;"VIDRO INFERIOR "" PÓS BANHEIRO""";;;;-;833;0
6046;12/11/2025;NÃO;-;-;-;;-;CONTROLADOR DO DESTINO AVARIADO;;;;-;3275,67;0
6284;09/11/2025;SIM;26753;NÃO;-;;JARBAS;PARABRISA L.D / PARABRISA L.E / FAROL L.D / EIXO DO LIMPADOR L.D / REPARAÇÃO DA AVARIA FRONTAL;;;;-;6885;0
6108;16/11/2025;NÃO;-;-;-;;-;PNEU RECAPADO;;;;-;710;0
6165;12/11/2025;SIM;26059;NÃO;-;;WENDEL;REPARAÇÃO NO PARACHOQUE DIANTEIRO L.D;;;;-;140;0
6015;18/11/2025;NÃO;-;-;-;;-;PNEU RECAPADO;;;;-;710;0
6016;18/11/2025;SIM;26868;SIM;NÃO;;MÁRIO;REPARAÇÃO NO PARACHOQUE TRASEIRO;;;;-;110;110
6109;19/11/2025;SIM;26654;SIM;NÃO;;MÁRIO;RECUPERAÇÃO DO PARACHOQUE DIANTEIRO E TRÊS BASES DOS AMORTECEDORES DIANTEIRO;;;;-;280;280
6069;20/11/2025;SIM;26052;SIM;NÃO;;ROMILDO;RECUPERAÇÃO DA PORTINHOLA TRASEIRA L.D / DOBRADIÇA DA PORTINHOLA;;;;-;969,22;969,22
6295;07/11/2025;SIM;25910;DESLIGADO;DESLIGADO;;MÁRIO;RETROVISOR L.D / LANTERNA DA ÚLTIMA PORTINHOLA L.D / PORTINHOLA GRADEADA FINAL L.D / LANTERNA TRASEIRA SUPERIOR L.D / LANTERNA TRASEIRA INFERIOR L.D / REPARAÇÃO NO PARACHOQUE TRASEIRO L.D;;;;-;16604,11;0
6069;26/11/2025;NÃO;-;-;-;;-;PNEU RECAPADO;;;;-;710;0
6067;26/11/2025;NÃO;-;-;-;;-;PNEU RECAPADO;;;;-;710;0
6224;26/11/2025;NÃO;-;-;-;;-;PNEU RECAPADO;;;;-;710;0
6048;28/11/2025;SIM;26238;SIM;NÃO;;WENDEL;RETROVISOR L.D;;;;-;1618;1618
6135;20/11/2025;NÃO;-;-;-;;-;TCO;;;;-;2500;0
6198;01/12/2025;SIM;25892;DESLIGADO;NÃO;;MÁRIO;DUAS JANELAS L.E;;;;-;1678,2;0
6238;08/12/2025;NÃO;-;-;-;;-;PNEU NOVO;;;;-;2265;0
6117;07/12/2025;NÃO;-;-;-;;-;PNEU RECAPADO;;;;-;710;0
6205;05/12/2025;NÃO;-;-;-;;-;PNEU NOVO;;;;-;2265;0
6067;09/12/2025;NÃO;-;-;-;;-;PNEU RECAPADO;;;;-;710;0
6149;07/12/2025;SIM;26829;-;-;;MÁRIO;PARABRISA L.D / REPARAÇÃO NO PAACHOQUE DIANTEIRO;;;;-;825;0
6136;08/12/2025;SIM;26883;-;-;;MÁRIO;4°VIDRO LATERAL L.E;;;;-;958,5;0
6299;08/12/2025;SIM;26883;-;-;;MÁRIO;VIDRO CAPACETE L.E;;;;-;1711;0
6168;09/12/2025;SIM;26409;SIM;NÃO;;MÁRIO;ÚLTIMO VIDRO L.D / PENÚLTIMO VIDRO L.D;;;;-;1661,51;0
6067;10/12/2025;SIM;26090;-;-;;MATHEUS;PNEU RECAPADO;;;;-;710;0
6116;12/12/2025;NÃO;-;-;-;;-;PNEU RECAPADO;;;;-;710;0
6016;13/12/2025;NÃO;-;-;-;;-;PNEU RECAPADO;;;;-;710;0
6128;14/12/2025;NÃO;-;-;-;;-;PNEU RECAPADO;;;;-;710;0
6107;16/12/2025;SIM;26374;-;-;;MATHEUS;PNEU RECAPADO;;;;-;710;0
6117;16/12/2025;SIM;26891;-;-;;MÁRIO;PNEU RECAPADO;;;;-;710;0
6195;11/12/2025;SIM;26035;SIM;NÃO;;MÁRIO;REPARAÇÃO DO PARACHOQUE TRASEIRO L.D / LANTERNA TRASEIRA DO PARACHOQUE;;;;-;370,6;0
6129;22/12/2025;NÃO;-;-;-;;-;PNEU RECAPADO / RODA DE ALUMÍNIO;;;;-;1710;0
2212;23/12/2025;NÃO;-;-;-;;-;DOIS AMORTECEDORES TRASEIROS;;;;-;897,34;0
6049;24/12/2025;SIM;26887;DESLIGADO;DESLIGADO;;MATHEUS;PROVOCADO PELO REBOQUE JUNTA DO CARTER SUPERIOR / JUNTA DO CARTER INFERIOR / ÓLEO DO MOTOR / CARTE DO MOTOR;;;;-;14037,93;0
6147;20/12/2025;NÃO;-;-;-;;-;REBOQUE, KIT ANEIS INJETORES, LUVA DA UNIDADE INJETORA, ANEL VED. PENEIRA BOMBA DE ÓLEO,BOMBA DAGUA, JUNTA BORRACHA BOMBA DAGUA, JUNTA TERMOSTATICA, JOGO BC STD S-4, CONEXÃO, ANEL CAMISA SUPERIOR, ANEL CAMISA INFERIOR, VALVULA TERMOSTATICA, JUNTA CARTE MOTOR, JUNTA CARTE MOTOR, JOGO DE JUNTA D13 DO CABEÇOTE, CAMISA MOTOR D13, JOGO BB STD D13 SCANIA, JOGO ANEIS SEGMENTO D13, TUBO SANGRIA D13, BIELA DO MOTOR.;;;;-;60000;0
6096;09/12/2025;SIM;25926;NÃO;NÃO;;ROMILDO;RECUPERAÇÃO DO RETROVISOR LD,BASE MÓVEL DA LENTE DO RETROVISOR, BASE INFERIOR RETROVISOR, LENTE DO RETROVISOR LD, VIDRO DA PORTA, 1° VIDRO LADO DIREITO, MATERIAIS LANTERNAGEM E PINTURA PARA RECUPERAÇÃO DA AVARIA;;;;-;7398,75;0
6119;16/12/2005;SIM;26871;SIM;NÃO;;MÁRIO;VIDRO MOLDURA DA PORTA CABINE, VIDRO CORREDIÇO DA PORTA DA CABINE, PARA-BRISA LD, REPARAÇÃO DA AVARIA FRONTAL LD (ESTRUTURA,LANTERNAGEM,PINTURA), ACABAMENTO FAROL NEBLINA LD;;;;-;2295,94;0
6087;21/12/2025;SIM;26891;SIM;NÃO;;MÁRIO;RECUPERAÇÃO DO RETROVISOR LE, SUBSTITUIDA ÚLTIMA JANELA INFERIOR LE;;;;-;1109,08;0
6067;22/12/2025;SIM;26521;SIM;SIM;;WENDEL;REPARAÇÃO DE AVARIA NA CHAPA LATERAL LD;;;;-;140;0
6077;29/12/2025;SIM;25144;SIM;NÃO;;MÁRIO;REPARAÇÃO DE AVARIA NO PARA-CHOQUE TRASEIRO LE,LANTERNA TRASEIRA INFERIOR LE;;;;-;633;0
6148;29/12/2025;SIM;26865;NÃO;NÃO;;MÁRIO;PNEU RECAPADO;;;;-;710;0
6149;29/12/2025;SIM;26889;SIM;NÃO;;ROMILDO;REPARAÇÃO NO RETROVISOR LE;;;;-;130;0
6029;31/12/2025;SIM;26463;SIM;NÃO;;MÁRIO;RECUPERAÇÃO DO RETROVISOR LE;;;;-;150;0
6229;29/12/2025;NÃO;-;-;-;;-;PNEU RECAPADO;;;;-;710;0
6083;30/12/2025;NÃO;-;-;-;;-;PNEU NOVO;;;;-;2695;0
6049;20/12/2025;SIM;26887;DESLIGADO;DESLIGADO;;MATHEUS;ESTRUTURA DO PARA-BRISA LD, ESTRUTURA INFERIOR DOS PARA-BRISAS, PARA-CHOQUE DIANTEIRO , GRADE DIANTEIRA, VIDRO CAPACETE LD, VIDRO TRIANGULAR POS-PORTA, VIDRO MOLDURA DA PORTA, VIDRO CORREDIÇO DA PORTA (TRASEIRO), VIDRO CORREDIÇO DA PORTA (DIANTEIRA), PARA-BRISA LD, PARA-BRISA LE, FAROL LE, FAROL LD, ACABAMENTO ENTRE FAROIS, PARA-BRISA SUPERIOR, MATERIAS DE PINTURA E RECUPERAÇÃO DE ACABAMENTOS, MÃO DE OBRA (TERCEIRIZADA), RETROVISOR LD, DOBRADIÇA GRADE FRONTAL LD, DOBRADIÇA GRADE FRONTAL LE;;;;-;50089,85;0
6218;02/01/2026;NÃO;-;-;-;;-;PNEU RECAPADO;;;;-;710;0
6274;03/01/2026;NÃO;-;-;-;;-;PNEU NOVO;;;;-;2495;0
6039;05/01/2026;SIM;26708;DESLIGADO;DESLIGADO;;MÁRIO;VIDRO DA PORTA CENTRAL;;;;-;670;0
6304;04/01/2026;SIM;25866;NÃO;-;;WENDELL;PARABRISA L.E / REPARAÇÃO DE AVARIA FRONTAL;;;;-;1810;0
6089;05/01/2026;SIM;26905;SIM;NÃO;;ALEX;ÚLTIMO VIDRO INFERIOR L.D;;;;-;1208;0
6015;06/01/2026;SIM;26213;NÃO;-;;JARBAS;ÚLTIMO VIDRO JANELA L.D;;;;-;1960,28;0
6149;07/01/2026;SIM;26376;SIM;NÃO;;ALEX;REPARO DE AVARIA NO PARACHOQUE DIANTEIRO L.D;;;;-;110;0
6209;08/01/2026;SIM;26589;SIM;NÃO;;JARBAS;2° VIDRO DA JANELA SOBRE CAPACETE;;;;-;1565;0
6179;11/01/2026;SIM;26905;NÃO;-;;ALEX;VIDRO DEJANELA PISO SUPERIOR;;;;-;1465;0
6344;15/01/2026;NÃO;-;-;-;;-;RECUPERAÇÃO DO RETROVISOR L.D;;;;-;230;0
6027;16/01/2026;SIM;25883;SIM;SIM;;ALEX;RECUPERAÇÃO DO RETROVISOR L.E;;;;-;330;0
6315;19/01/2026;SIM;24686;SIM;NÃO;;MATHEUS;REPARAÇÃO DE AVARIA NO PARACHOQUE DIANTEIRO;;;;-;150;0
6239;19/01/2026;SIM;26877;SIM;NÃO;;MATHEUS;REPARAÇÃO DE AVARIA NO PARACHOQUE TRASEIRO E TAMPA DO MOTOR , LANTERNA TRASEIRA INFERIOR L.D;;;;-;1730;0
6119;28/01/2026;NÃO;-;-;-;;-;PNEU RECAPADO;;;;-;710;0
6129;28/01/2026;NÃO;-;-;-;;-;PNEU RECAPADO;;;;-;710;0
6037;27/01/2026;SIM;26399;SIM;NÃO;;ALEX;AVARIA NO PARACHOQUE DIANTEIRO;;;;-;180;0
6069;31/01/2026;SIM;26024;SIM;SIM;;JARBAS;VIDRO DE JANELA COM ABERTURA;;;;-;1189;0
6085;31/01/2026;SIM;26239;NÃO;-;;ALEX;2° PNEU RECAPADO;;;;-;1405;0
6099;02/02/2026;SIM;26409;SIM;NÃO;;ALEX;1°,2°,3° VIDRO DE JANELA SUPERIOR, VIDRO DE JANELA COM ABERTURA, ÚLTIMO VIDRO JANELA PISO SUPERIOR;;;;-;4740,5;4740,5
6017;02/02/2026;SIM;26094;SIM;SIM;;ALEX;AVARIA NO PARACHOQUE DIANTEIRO;;;;-;110;110
6179;04/02/2026;SIM;26923;SIM;NÃO;;ALEX;VIDRO DE JANELA;;;;-;2144;2144
6149;04/02/2026;NÃO;-;;;;;"TRANSMISSÃO QUEBRADA "" TRANSMISSÃO(02 CRUZETA,CONJUNTO PONTUVA E LUVEIRA,TUBO P/CARDAN)";;;;-;5876,22;0
6147;03/02/2026;SIM;26001;SIM;NÃO;;JARBAS;2° PNEUS NOVOS;;;;-;4515;4515
6254;06/02/2026;SIM;26001;SIM;NÃO;;JARBAS;3° JANELA SUPERIOR L.E;;;;-;1480;1480
6078;09/02/2026;NÃO;-;;;;;"TRANSMISSÃO QUEBRADA "" TRANSMISSÃO(02 CRUZETA,CONJUNTO PONTUVA E LUVEIRA,TUBO P/CARDAN)";;;;-;5876,22;0
6156;08/02/2026;SIM;26940;SIM;NÃO;;MATHEUS;2° JANELA L.D;;;;-;1838,6;1838,6
6159;09/02/2026;SIM;26376;SIM;NÃO;;ALEX;RECUPERAÇÃO DO RETROVISOR L.E;;;;-;180;180
6089;09/02/2026;NÃO;-;-;-;-;-;PARABRISA SUPERIOR;;;;-;4566;0
6067;10/02/2026;SIM;26409;SIM;SIM;;ALEX;RECUPERAÇÃO DO RETROVISOR L.D, PARABRISA L.D;;;;-;1080;1080
6294;10/02/2026;SIM;26357;SIM;NÃO;;JARBAS;VIDRO TAMPA PRIMEIRO MALEIRO L.D, RECUPERAÇÃO DA TAMPA DO 1°MALEIRO L.D;;;;-;622,06;622,06
6129;10/02/2026;NÃO;-;-;-;;-;PNEU NOVO;;;;-;2265;0
6178;11/02/2026;NÃO;-;-;-;;-;LANTERNA INFERIOR TRASEIRA L.D / REPARAÇÃO DE AVARIA NA PARTE TRASEIRA L.E;;;;-;756,5;0
6143;14/02/2026;SIM;26865;SIM;NÃO;;ALEX;SUPORTE DO FAROL DE MILHA L.D, FAROL DE MILHA L.D, FAROL DE NEBLINA L.D,AVARIA NO PARACHOQUE DIANTEIRO L.D;;;;-;639,78;639,78
6229;16/02/2026;SIM;26904;SIM;DESLIGADO;-;ALEX;PARABRISA L.E, RECUPERAÇÃO DO PARACHOQUE DIANTEIRO E ESTRUTURAS, FAROL L.E, FAROL NEBLINA L.E;;;;-;4520;4520
6265;17/02/2026;SIM;26769;SIM;NÃO;;ALEX;PENÚLTIMO VIDRO INFERIOR L.D,LANTERNA ENTRE RODAS TRASEIRA L.D;;;;-;1238,63;1238,63
6017;17/02/2026;SIM;26094;SIM;SIM;;ALEX;RECUPERAÇÃO DO PARACHOQUE DIANTEIRO;;;;-;190;190
6159;17/02/2026;SIM;26364;SIM;NÃO;;ALEX;VIDRO SANITÁRIO SUPERIOR L.D, VIDRO VENTAROLA DO SANITÁRIO;;;;-;2898;2898
6073;22/02/2026;NÃO;-;-;-;-;-;PNEU RECAPADO;;;;-;710;0
6043;22/02/2026;NÃO;-;-;-;-;-;PNEU RECAPADO;;;;-;710;0
6017;25/02/2026;NÃO;-;-;-;-;-;RECUPERAÇÃO DO PARACHOQUE TRASEIRO;;;;-;150;0
6194;25/02/2026;NÃO;-;-;-;-;-;REPARAÇÃO NO PARACHOQUE DIANTEIRO L.D;;;;-;110;0
6096;25/02/2026;NÃO;-;-;-;-;-;REPARAÇÃO DE PINTURA SOBRE A LOGAMARCA L.D;;;;-;180;0
6245;26/02/2026;NÃO;-;-;;;-;PNEU RECAPADO;;;;-;710;0
6046;24/02/2026;SIM;26830;NÃO;DESLIGADO;-;ALEX;ÚLTIMA PORTINHOLA TAMPA GRADEADA L.E, REPARAÇÃO DE AVARIA NO CURVÃO E PARACHOQUE TRASEIRO L.E;;;;-;1230;0
6095;28/02/2026;SIM;26936;NÃO;-;-;ALEX;"RECUPERAÇÃO DO PARACHOQUE TRASEIRO E TAMPA ""CAPÔ"" DO MOTOR , LANTERNAGEM INFERIOR TRASEIRO L.D";;;;-;1004,39;0
6334;01/03/2026;SIM;26614;SIM;NÃO;X;PEDRO;RECUPERAÇÃO DO RETROVISOR L.E;X;;;;150;0
6189;02/03/2026;SIM;26436;NÃO;X;X;JARBAS;ÚLTIMO VIDRO DA JANELA INFERIOR;X;;;;1356,06;0
6165;02/03/2026;SIM;26468;SIM;X;X;ALEX;REPARAÇÃO DE AVARIA NO PARACHOQUE DIANTEIRO L.D E GRADE FRONTAL, FAROL L.D, FAROL DE NEBLINA L.D;X;;;;10997,61;0
6105;03/03/2026;NÃO;X;X;X;X;X;REPARAÇÃO NO RETORIVSOR L.E;X;;;;120;0
6119;05/03/2026;NÃO;X;X;X;X;X;ÚLTIMA JANELA INFERIOR L.D;X;;;;1220;0
3020;06/03/2026;SIM;MANOBRA;SIM;X;X;ALEX;REPARAÇÃO DE AVARIA NO RETROVISOR L.D;X;;;;180;0
6139;06/03/2026;SIM;26094;SIM;X;X;ALEX;FAROL L.D, RECUPERAÇÃO DO PARACHOQUE DIANTEIRO,PARABRISA L.D,3°JANELA SUPERIOR L.D;X;;;;3779;0
6098;09/03/2026;SIM;26459;NÃO;X;X;ALEX;1°VIDRO DE JANELA L.D;X;;;;1304;0
6269;09/03/2026;SIM;25326;NÃO;X;X;ALEX;VIDRO SOBRE RETROVISOR L.D,RECUPERAÇÃO DO RETROVISOR;X;;;;1832;0
6165;10/03/2026;SIM;26025;SIM;X;X;MATEUS;RECUPERAÇÃO DO RETROVISOR L.E;X;;;;210;0
6136;11/03/2026;NÃO;X;X;X;X;X;VIDRO CAPACETE LD;X;;;;2096;0
6324;12/03/2026;SIM;26753;SIM;X;X;JARBAS;RECUPERAÇÃO DO PARA-CHOQUE DIANTEIRO LE, FAROL LE;X;;;;1905;0
6159;17/03/2026;SIM;21982;SIM;X;X;ALEX;RETROVISOR LE,PARA-BRISA LE;X;;;;4125;0
6067;23/03/2026;NÃO;X;X;X;X;X;REPARAÇÃO DE AVARIA NA PORTA DA CABINA;X;;;;195;0
6335;24/03/2026;SIM;26498;SIM;X;X;PEDRO;ULTIMA JANELA INFERIOR LD;X;;;;1298,59;0
6016;25/03/2026;NÃO;X;X;X;X;X;VIDRO CAPACETE LD;X;;;;2081;0
6315;26/03/2026;SIM;26068;SIM;X;X;PEDRO;ÚLTIMO VIDRO DE JANELA INFERIORR LD, REPARAÇÃO NA TAMPA DO MALEIRO;X;;;;1388,59;0
6069;26/03/2026;SIM;26865;SIM;X;X;ALEX;DOBRADIÇA MALEIRO TRASEIRO LD (02 UNIDADE);X;;;;1164,76;0
6345;22/03/2026;NÃO;X;X;X;X;X;REPARAÇÃO DE AVARIA NA PARTE SUPERIOR DA TRASEIRA;X;;;;155;0
